pragma foreign_keys = off;
delete from orders;
delete from variants;
delete from products;
pragma foreign_keys = on;
insert into products (id, name, source_sheet, position, created_at, updated_at) values ('lisos-20-colores', 'BLOQUES 20 LISOS COLORES', 'LISOS 20 COLORES', 0, '2026-05-22T17:03:00.902769+00:00', '2026-05-22T17:03:00.902769+00:00');
insert into products (id, name, source_sheet, position, created_at, updated_at) values ('split-20-colores', 'BLOQUES SPLIT COLORES, GRIS Y GRANITO', 'SPLIT 20 COLORES', 1, '2026-05-22T17:03:00.902769+00:00', '2026-05-22T17:03:00.902769+00:00');
insert into products (id, name, source_sheet, position, created_at, updated_at) values ('liso-15-colores', 'BLOQUES LISOS 15 COLORES', 'LISO 15 COLORES ', 2, '2026-05-22T17:03:00.902769+00:00', '2026-05-22T17:03:00.902769+00:00');
insert into products (id, name, source_sheet, position, created_at, updated_at) values ('split-15-colores-y-gris', 'BLOQUES SPLIT 15 COLORES Y GRIS', 'SPLIT 15 COLORES Y GRIS', 3, '2026-05-22T17:03:00.902769+00:00', '2026-05-22T17:03:00.902769+00:00');
insert into products (id, name, source_sheet, position, created_at, updated_at) values ('split-20-2caras', 'BLOQUE 40X20X20 SPLIT 2 CARAS LARGAS', 'SPLIT 20 2CARAS', 4, '2026-05-22T17:03:00.902769+00:00', '2026-05-22T17:03:00.902769+00:00');
insert into products (id, name, source_sheet, position, created_at, updated_at) values ('bloque-40x20x20-liso-gris', 'BLOQUE 40X20X20 LISO GRIS ', 'BLOQUE 40X20X20 LISO GRIS ', 5, '2026-05-22T17:03:00.902769+00:00', '2026-05-22T17:03:00.902769+00:00');
insert into products (id, name, source_sheet, position, created_at, updated_at) values ('bloque-40x20x15', 'BLOQUE 40X20X15', 'BLOQUE 40X20X15', 6, '2026-05-22T17:03:00.902769+00:00', '2026-05-22T17:03:00.902769+00:00');
insert into products (id, name, source_sheet, position, created_at, updated_at) values ('bloque-h25', 'BLOQUE H25', 'BLOQUE H25', 7, '2026-05-22T17:03:00.902769+00:00', '2026-05-22T17:03:00.902769+00:00');
insert into variants (id, product_id, name, raw_header, stock_pallets, stock_date, position, created_at, updated_at) values ('lisos-20-colores-blanco-sevilla-72-18-05-26', 'lisos-20-colores', 'BLANCO SEVILLA', 'BLANCO SEVILLA 72 (18-05-26)', 72.0, '2026-05-18', 0, '2026-05-22T17:03:00.902769+00:00', '2026-05-22T17:03:00.902769+00:00');
insert into variants (id, product_id, name, raw_header, stock_pallets, stock_date, position, created_at, updated_at) values ('lisos-20-colores-blanco-castilla-173-p-18-05-2026', 'lisos-20-colores', 'BLANCO CASTILLA', 'BLANCO CASTILLA 173 P (18 05 2026)', 173.0, '2026-05-18', 1, '2026-05-22T17:03:00.902769+00:00', '2026-05-22T17:03:00.902769+00:00');
insert into variants (id, product_id, name, raw_header, stock_pallets, stock_date, position, created_at, updated_at) values ('lisos-20-colores-crema-153-palets-18-05-2026', 'lisos-20-colores', 'CREMA', 'CREMA 153 PALETS (18 05 2026)', 153.0, '2026-05-18', 2, '2026-05-22T17:03:00.902769+00:00', '2026-05-22T17:03:00.902769+00:00');
insert into variants (id, product_id, name, raw_header, stock_pallets, stock_date, position, created_at, updated_at) values ('lisos-20-colores-salmon-70-palets-18-05-2026', 'lisos-20-colores', 'SALMON', 'SALMON 70 PALETS (18 05 2026)', 70.0, '2026-05-18', 3, '2026-05-22T17:03:00.902769+00:00', '2026-05-22T17:03:00.902769+00:00');
insert into variants (id, product_id, name, raw_header, stock_pallets, stock_date, position, created_at, updated_at) values ('lisos-20-colores-amarillo-91-palets-18-05-2026', 'lisos-20-colores', 'AMARILLO', 'AMARILLO 91 PALETS (18 05 2026)', 91.0, '2026-05-18', 4, '2026-05-22T17:03:00.902769+00:00', '2026-05-22T17:03:00.902769+00:00');
insert into variants (id, product_id, name, raw_header, stock_pallets, stock_date, position, created_at, updated_at) values ('split-20-colores-b-sevilla-97-palets-18-05-2026', 'split-20-colores', 'B. SEVILLA', 'B. SEVILLA 97 PALETS (18 05 2026)', 97.0, '2026-05-18', 100, '2026-05-22T17:03:00.902769+00:00', '2026-05-22T17:03:00.902769+00:00');
insert into variants (id, product_id, name, raw_header, stock_pallets, stock_date, position, created_at, updated_at) values ('split-20-colores-b-castilla-64-palets-19-05-2026', 'split-20-colores', 'B. CASTILLA', 'B. CASTILLA 64 PALETS (19 05 2026)', 64.0, '2026-05-19', 101, '2026-05-22T17:03:00.902769+00:00', '2026-05-22T17:03:00.902769+00:00');
insert into variants (id, product_id, name, raw_header, stock_pallets, stock_date, position, created_at, updated_at) values ('split-20-colores-crema-20-palets-18-05-2026', 'split-20-colores', 'CREMA', 'CREMA 20 PALETS (18 05 2026)', 20.0, '2026-05-18', 102, '2026-05-22T17:03:00.902769+00:00', '2026-05-22T17:03:00.902769+00:00');
insert into variants (id, product_id, name, raw_header, stock_pallets, stock_date, position, created_at, updated_at) values ('split-20-colores-salmon-56-palets-18-05-2026', 'split-20-colores', 'SALMON', 'SALMON 56 PALETS (18 05 2026)', 56.0, '2026-05-18', 103, '2026-05-22T17:03:00.902769+00:00', '2026-05-22T17:03:00.902769+00:00');
insert into variants (id, product_id, name, raw_header, stock_pallets, stock_date, position, created_at, updated_at) values ('split-20-colores-amarillo-0-palets-18-05-2026', 'split-20-colores', 'AMARILLO', 'AMARILLO 0 PALETS (18 05 2026)', 0.0, '2026-05-18', 104, '2026-05-22T17:03:00.902769+00:00', '2026-05-22T17:03:00.902769+00:00');
insert into variants (id, product_id, name, raw_header, stock_pallets, stock_date, position, created_at, updated_at) values ('split-20-colores-gris-61-palets-18-05-2026', 'split-20-colores', 'GRIS', 'GRIS 61 PALETS (18 05 2026)', 61.0, '2026-05-18', 105, '2026-05-22T17:03:00.902769+00:00', '2026-05-22T17:03:00.902769+00:00');
insert into variants (id, product_id, name, raw_header, stock_pallets, stock_date, position, created_at, updated_at) values ('split-20-colores-granito-136-palets-18-05-2026', 'split-20-colores', 'GRANITO', 'GRANITO 136 PALETS (18 05 2026)', 136.0, '2026-05-18', 106, '2026-05-22T17:03:00.902769+00:00', '2026-05-22T17:03:00.902769+00:00');
insert into variants (id, product_id, name, raw_header, stock_pallets, stock_date, position, created_at, updated_at) values ('liso-15-colores-blanco-sevilla-80-p-19-05-2026', 'liso-15-colores', 'BLANCO SEVILLA', 'BLANCO SEVILLA 80 P (19 05 2026)', 80.0, '2026-05-19', 200, '2026-05-22T17:03:00.902769+00:00', '2026-05-22T17:03:00.902769+00:00');
insert into variants (id, product_id, name, raw_header, stock_pallets, stock_date, position, created_at, updated_at) values ('liso-15-colores-blanco-castilla-37-p-18-05-2026', 'liso-15-colores', 'BLANCO CASTILLA', 'BLANCO CASTILLA 37 P (18 05 2026)', 37.0, '2026-05-18', 201, '2026-05-22T17:03:00.902769+00:00', '2026-05-22T17:03:00.902769+00:00');
insert into variants (id, product_id, name, raw_header, stock_pallets, stock_date, position, created_at, updated_at) values ('liso-15-colores-crema-73-p-18-05-2026', 'liso-15-colores', 'CREMA', 'CREMA 73 P (18 05 2026)', 73.0, '2026-05-18', 202, '2026-05-22T17:03:00.902769+00:00', '2026-05-22T17:03:00.902769+00:00');
insert into variants (id, product_id, name, raw_header, stock_pallets, stock_date, position, created_at, updated_at) values ('split-15-colores-y-gris-blanco-sevilla-8-palets-18-05-2026', 'split-15-colores-y-gris', 'BLANCO SEVILLA', 'BLANCO SEVILLA 8 PALETS (18 05 2026)', 8.0, '2026-05-18', 300, '2026-05-22T17:03:00.902769+00:00', '2026-05-22T17:03:00.902769+00:00');
insert into variants (id, product_id, name, raw_header, stock_pallets, stock_date, position, created_at, updated_at) values ('split-15-colores-y-gris-blanco-castilla-35-palets-18-05-2026', 'split-15-colores-y-gris', 'BLANCO CASTILLA', 'BLANCO CASTILLA 35 PALETS (18 05 2026)', 35.0, '2026-05-18', 301, '2026-05-22T17:03:00.902769+00:00', '2026-05-22T17:03:00.902769+00:00');
insert into variants (id, product_id, name, raw_header, stock_pallets, stock_date, position, created_at, updated_at) values ('split-15-colores-y-gris-crema-0-palets-18-04-2026', 'split-15-colores-y-gris', 'CREMA', 'CREMA 0 PALETS (18 04 2026)', 0.0, '2026-04-18', 302, '2026-05-22T17:03:00.902769+00:00', '2026-05-22T17:03:00.902769+00:00');
insert into variants (id, product_id, name, raw_header, stock_pallets, stock_date, position, created_at, updated_at) values ('split-15-colores-y-gris-gris-33-palets-18-05-2026', 'split-15-colores-y-gris', 'GRIS', 'GRIS 33 PALETS (18 05 2026)', 33.0, '2026-05-18', 303, '2026-05-22T17:03:00.902769+00:00', '2026-05-22T17:03:00.902769+00:00');
insert into variants (id, product_id, name, raw_header, stock_pallets, stock_date, position, created_at, updated_at) values ('split-15-colores-y-gris-salmon-18-palets-18-05-2026', 'split-15-colores-y-gris', 'SALMON', 'SALMON 18 PALETS (18 05 2026)', 18.0, '2026-05-18', 304, '2026-05-22T17:03:00.902769+00:00', '2026-05-22T17:03:00.902769+00:00');
insert into variants (id, product_id, name, raw_header, stock_pallets, stock_date, position, created_at, updated_at) values ('split-15-colores-y-gris-amarillo-26-palets-18-05-2026', 'split-15-colores-y-gris', 'AMARILLO', 'AMARILLO 26 PALETS (18 05 2026)', 26.0, '2026-05-18', 305, '2026-05-22T17:03:00.902769+00:00', '2026-05-22T17:03:00.902769+00:00');
insert into variants (id, product_id, name, raw_header, stock_pallets, stock_date, position, created_at, updated_at) values ('split-20-2caras-bl-sevilla-69-palets-18-05-2026', 'split-20-2caras', 'BL.SEVILLA', 'BL.SEVILLA 69 PALETS (18 05 2026)', 69.0, '2026-05-18', 400, '2026-05-22T17:03:00.902769+00:00', '2026-05-22T17:03:00.902769+00:00');
insert into variants (id, product_id, name, raw_header, stock_pallets, stock_date, position, created_at, updated_at) values ('split-20-2caras-blanco-castilla-96-p-18-05-2026', 'split-20-2caras', 'BLANCO CASTILLA', 'BLANCO CASTILLA 96 P (18 05 2026)', 96.0, '2026-05-18', 401, '2026-05-22T17:03:00.902769+00:00', '2026-05-22T17:03:00.902769+00:00');
insert into variants (id, product_id, name, raw_header, stock_pallets, stock_date, position, created_at, updated_at) values ('split-20-2caras-crema-33-palets-18-05-2026', 'split-20-2caras', 'CREMA', 'CREMA 33 PALETS (18 05 2026)', 33.0, '2026-05-18', 402, '2026-05-22T17:03:00.902769+00:00', '2026-05-22T17:03:00.902769+00:00');
insert into variants (id, product_id, name, raw_header, stock_pallets, stock_date, position, created_at, updated_at) values ('split-20-2caras-gris-66-palets-11-05-2026', 'split-20-2caras', 'GRIS', 'GRIS 66 PALETS (11 05 2026)', 66.0, '2026-05-11', 403, '2026-05-22T17:03:00.902769+00:00', '2026-05-22T17:03:00.902769+00:00');
insert into variants (id, product_id, name, raw_header, stock_pallets, stock_date, position, created_at, updated_at) values ('split-20-2caras-salmon-15-palets-18-05-2026', 'split-20-2caras', 'SALMON', 'SALMON 15 PALETS (18 05 2026)', 15.0, '2026-05-18', 404, '2026-05-22T17:03:00.902769+00:00', '2026-05-22T17:03:00.902769+00:00');
insert into variants (id, product_id, name, raw_header, stock_pallets, stock_date, position, created_at, updated_at) values ('split-20-2caras-amarillo-19-palets-18-05-2026', 'split-20-2caras', 'AMARILLO', 'AMARILLO 19 PALETS (18 05 2026)', 19.0, '2026-05-18', 405, '2026-05-22T17:03:00.902769+00:00', '2026-05-22T17:03:00.902769+00:00');
insert into variants (id, product_id, name, raw_header, stock_pallets, stock_date, position, created_at, updated_at) values ('split-20-2caras-granito-37-palets-18-05-2026', 'split-20-2caras', 'GRANITO', 'GRANITO 37 PALETS (18 05 2026)', 37.0, '2026-05-18', 406, '2026-05-22T17:03:00.902769+00:00', '2026-05-22T17:03:00.902769+00:00');
insert into variants (id, product_id, name, raw_header, stock_pallets, stock_date, position, created_at, updated_at) values ('bloque-40x20x20-liso-gris-bloque-40x20x20-liso-gris-300-20-05-26', 'bloque-40x20x20-liso-gris', 'BLOQUE 40X20X20 LISO GRIS', 'BLOQUE 40X20X20 LISO GRIS 300 (20-05-26)', 300.0, '2026-05-20', 500, '2026-05-22T17:03:00.902769+00:00', '2026-05-22T17:03:00.902769+00:00');
insert into variants (id, product_id, name, raw_header, stock_pallets, stock_date, position, created_at, updated_at) values ('bloque-40x20x15-bloque-40x20x15-liso-gris-26-palets-19-05-26', 'bloque-40x20x15', 'BLOQUE 40X20X15 LISO GRIS', 'BLOQUE 40X20X15 LISO GRIS 26 PALETS (19-05-26)', 26.0, '2026-05-19', 600, '2026-05-22T17:03:00.902769+00:00', '2026-05-22T17:03:00.902769+00:00');
insert into variants (id, product_id, name, raw_header, stock_pallets, stock_date, position, created_at, updated_at) values ('bloque-h25-bloque-h-25-2-palets-18-05-26', 'bloque-h25', '(BLOQUE H 25) 2 PALETS (18-05-26)', '(BLOQUE H 25) 2 PALETS (18-05-26)', 2.0, '2026-05-18', 700, '2026-05-22T17:03:00.902769+00:00', '2026-05-22T17:03:00.902769+00:00');
insert into orders (id, variant_id, commercial, customer, pallets, notes, source_key, created_at, updated_at) values ('lisos-20-colores-blanco-sevilla-72-18-05-26-JESUS-9-1', 'lisos-20-colores-blanco-sevilla-72-18-05-26', 'JESUS', 'BARRAL', 10.0, null, 'lisos-20-colores-blanco-sevilla-72-18-05-26:JESUS:9:1', '2026-05-22T17:03:00.902769+00:00', '2026-05-22T17:03:00.902769+00:00');
insert into orders (id, variant_id, commercial, customer, pallets, notes, source_key, created_at, updated_at) values ('lisos-20-colores-blanco-sevilla-72-18-05-26-JESUS-11-1', 'lisos-20-colores-blanco-sevilla-72-18-05-26', 'JESUS', 'A. EUROPA', 3.0, null, 'lisos-20-colores-blanco-sevilla-72-18-05-26:JESUS:11:1', '2026-05-22T17:03:00.902769+00:00', '2026-05-22T17:03:00.902769+00:00');
insert into orders (id, variant_id, commercial, customer, pallets, notes, source_key, created_at, updated_at) values ('lisos-20-colores-blanco-sevilla-72-18-05-26-JESUS-13-1', 'lisos-20-colores-blanco-sevilla-72-18-05-26', 'JESUS', 'SARRIA', 4.0, null, 'lisos-20-colores-blanco-sevilla-72-18-05-26:JESUS:13:1', '2026-05-22T17:03:00.902769+00:00', '2026-05-22T17:03:00.902769+00:00');
insert into orders (id, variant_id, commercial, customer, pallets, notes, source_key, created_at, updated_at) values ('lisos-20-colores-blanco-sevilla-72-18-05-26-JESUS-19-1', 'lisos-20-colores-blanco-sevilla-72-18-05-26', 'JESUS', 'LEROY GETAFE 549709', 4.0, null, 'lisos-20-colores-blanco-sevilla-72-18-05-26:JESUS:19:1', '2026-05-22T17:03:00.902769+00:00', '2026-05-22T17:03:00.902769+00:00');
insert into orders (id, variant_id, commercial, customer, pallets, notes, source_key, created_at, updated_at) values ('lisos-20-colores-blanco-sevilla-72-18-05-26-JESUS-26-1', 'lisos-20-colores-blanco-sevilla-72-18-05-26', 'JESUS', 'TIEMBLO', 5.0, null, 'lisos-20-colores-blanco-sevilla-72-18-05-26:JESUS:26:1', '2026-05-22T17:03:00.902769+00:00', '2026-05-22T17:03:00.902769+00:00');
insert into orders (id, variant_id, commercial, customer, pallets, notes, source_key, created_at, updated_at) values ('lisos-20-colores-blanco-sevilla-72-18-05-26-JESUS-28-1', 'lisos-20-colores-blanco-sevilla-72-18-05-26', 'JESUS', 'CNES VERDES EFICIENTES', 20.0, null, 'lisos-20-colores-blanco-sevilla-72-18-05-26:JESUS:28:1', '2026-05-22T17:03:00.902769+00:00', '2026-05-22T17:03:00.902769+00:00');
insert into orders (id, variant_id, commercial, customer, pallets, notes, source_key, created_at, updated_at) values ('lisos-20-colores-blanco-sevilla-72-18-05-26-FERNANDO-5-4', 'lisos-20-colores-blanco-sevilla-72-18-05-26', 'FERNANDO', 'Solorzano', 20.0, null, 'lisos-20-colores-blanco-sevilla-72-18-05-26:FERNANDO:5:4', '2026-05-22T17:03:00.902769+00:00', '2026-05-22T17:03:00.902769+00:00');
insert into orders (id, variant_id, commercial, customer, pallets, notes, source_key, created_at, updated_at) values ('lisos-20-colores-blanco-sevilla-72-18-05-26-FERNANDO-6-4', 'lisos-20-colores-blanco-sevilla-72-18-05-26', 'FERNANDO', 'GIPV', 2.0, null, 'lisos-20-colores-blanco-sevilla-72-18-05-26:FERNANDO:6:4', '2026-05-22T17:03:00.902769+00:00', '2026-05-22T17:03:00.902769+00:00');
insert into orders (id, variant_id, commercial, customer, pallets, notes, source_key, created_at, updated_at) values ('lisos-20-colores-blanco-sevilla-72-18-05-26-FERNANDO-7-4', 'lisos-20-colores-blanco-sevilla-72-18-05-26', 'FERNANDO', 'AC7', 20.0, null, 'lisos-20-colores-blanco-sevilla-72-18-05-26:FERNANDO:7:4', '2026-05-22T17:03:00.902769+00:00', '2026-05-22T17:03:00.902769+00:00');
insert into orders (id, variant_id, commercial, customer, pallets, notes, source_key, created_at, updated_at) values ('lisos-20-colores-blanco-sevilla-72-18-05-26-FERNANDO-8-4', 'lisos-20-colores-blanco-sevilla-72-18-05-26', 'FERNANDO', 'MABE', 4.0, null, 'lisos-20-colores-blanco-sevilla-72-18-05-26:FERNANDO:8:4', '2026-05-22T17:03:00.902769+00:00', '2026-05-22T17:03:00.902769+00:00');
insert into orders (id, variant_id, commercial, customer, pallets, notes, source_key, created_at, updated_at) values ('lisos-20-colores-blanco-sevilla-72-18-05-26-FERNANDO-9-4', 'lisos-20-colores-blanco-sevilla-72-18-05-26', 'FERNANDO', 'VERONICA LOMINCHAR', 16.0, null, 'lisos-20-colores-blanco-sevilla-72-18-05-26:FERNANDO:9:4', '2026-05-22T17:03:00.902769+00:00', '2026-05-22T17:03:00.902769+00:00');
insert into orders (id, variant_id, commercial, customer, pallets, notes, source_key, created_at, updated_at) values ('lisos-20-colores-blanco-sevilla-72-18-05-26-FERNANDO-10-4', 'lisos-20-colores-blanco-sevilla-72-18-05-26', 'FERNANDO', 'MURO', 1.0, null, 'lisos-20-colores-blanco-sevilla-72-18-05-26:FERNANDO:10:4', '2026-05-22T17:03:00.902769+00:00', '2026-05-22T17:03:00.902769+00:00');
insert into orders (id, variant_id, commercial, customer, pallets, notes, source_key, created_at, updated_at) values ('lisos-20-colores-blanco-sevilla-72-18-05-26-FERNANDO-16-4', 'lisos-20-colores-blanco-sevilla-72-18-05-26', 'FERNANDO', 'ancribea', 10.0, null, 'lisos-20-colores-blanco-sevilla-72-18-05-26:FERNANDO:16:4', '2026-05-22T17:03:00.902769+00:00', '2026-05-22T17:03:00.902769+00:00');
insert into orders (id, variant_id, commercial, customer, pallets, notes, source_key, created_at, updated_at) values ('lisos-20-colores-blanco-sevilla-72-18-05-26-FERNANDO-20-4', 'lisos-20-colores-blanco-sevilla-72-18-05-26', 'FERNANDO', 'Candido Parro', 11.0, null, 'lisos-20-colores-blanco-sevilla-72-18-05-26:FERNANDO:20:4', '2026-05-22T17:03:00.902769+00:00', '2026-05-22T17:03:00.902769+00:00');
insert into orders (id, variant_id, commercial, customer, pallets, notes, source_key, created_at, updated_at) values ('lisos-20-colores-blanco-sevilla-72-18-05-26-FERNANDO-21-4', 'lisos-20-colores-blanco-sevilla-72-18-05-26', 'FERNANDO', 'Candido Parro', 4.0, null, 'lisos-20-colores-blanco-sevilla-72-18-05-26:FERNANDO:21:4', '2026-05-22T17:03:00.902769+00:00', '2026-05-22T17:03:00.902769+00:00');
insert into orders (id, variant_id, commercial, customer, pallets, notes, source_key, created_at, updated_at) values ('lisos-20-colores-blanco-castilla-173-p-18-05-2026-JESUS-9-8', 'lisos-20-colores-blanco-castilla-173-p-18-05-2026', 'JESUS', 'GAMELLA CB', 8.0, null, 'lisos-20-colores-blanco-castilla-173-p-18-05-2026:JESUS:9:8', '2026-05-22T17:03:00.902769+00:00', '2026-05-22T17:03:00.902769+00:00');
insert into orders (id, variant_id, commercial, customer, pallets, notes, source_key, created_at, updated_at) values ('lisos-20-colores-blanco-castilla-173-p-18-05-2026-JESUS-10-8', 'lisos-20-colores-blanco-castilla-173-p-18-05-2026', 'JESUS', 'GAMELLA CB', 1.0, null, 'lisos-20-colores-blanco-castilla-173-p-18-05-2026:JESUS:10:8', '2026-05-22T17:03:00.902769+00:00', '2026-05-22T17:03:00.902769+00:00');
insert into orders (id, variant_id, commercial, customer, pallets, notes, source_key, created_at, updated_at) values ('lisos-20-colores-blanco-castilla-173-p-18-05-2026-JESUS-11-8', 'lisos-20-colores-blanco-castilla-173-p-18-05-2026', 'JESUS', 'RUFINO 26000888', 8.0, null, 'lisos-20-colores-blanco-castilla-173-p-18-05-2026:JESUS:11:8', '2026-05-22T17:03:00.902769+00:00', '2026-05-22T17:03:00.902769+00:00');
insert into orders (id, variant_id, commercial, customer, pallets, notes, source_key, created_at, updated_at) values ('lisos-20-colores-blanco-castilla-173-p-18-05-2026-JESUS-12-8', 'lisos-20-colores-blanco-castilla-173-p-18-05-2026', 'JESUS', 'FLODI', 5.0, null, 'lisos-20-colores-blanco-castilla-173-p-18-05-2026:JESUS:12:8', '2026-05-22T17:03:00.902769+00:00', '2026-05-22T17:03:00.902769+00:00');
insert into orders (id, variant_id, commercial, customer, pallets, notes, source_key, created_at, updated_at) values ('lisos-20-colores-blanco-castilla-173-p-18-05-2026-FERNANDO-5-11', 'lisos-20-colores-blanco-castilla-173-p-18-05-2026', 'FERNANDO', 'EUROFOMENTO', 104.0, null, 'lisos-20-colores-blanco-castilla-173-p-18-05-2026:FERNANDO:5:11', '2026-05-22T17:03:00.902769+00:00', '2026-05-22T17:03:00.902769+00:00');
insert into orders (id, variant_id, commercial, customer, pallets, notes, source_key, created_at, updated_at) values ('lisos-20-colores-blanco-castilla-173-p-18-05-2026-FERNANDO-6-11', 'lisos-20-colores-blanco-castilla-173-p-18-05-2026', 'FERNANDO', 'Ccontreras Añover', 20.0, null, 'lisos-20-colores-blanco-castilla-173-p-18-05-2026:FERNANDO:6:11', '2026-05-22T17:03:00.902769+00:00', '2026-05-22T17:03:00.902769+00:00');
insert into orders (id, variant_id, commercial, customer, pallets, notes, source_key, created_at, updated_at) values ('lisos-20-colores-blanco-castilla-173-p-18-05-2026-FERNANDO-7-11', 'lisos-20-colores-blanco-castilla-173-p-18-05-2026', 'FERNANDO', 'COPI', 5.0, null, 'lisos-20-colores-blanco-castilla-173-p-18-05-2026:FERNANDO:7:11', '2026-05-22T17:03:00.902769+00:00', '2026-05-22T17:03:00.902769+00:00');
insert into orders (id, variant_id, commercial, customer, pallets, notes, source_key, created_at, updated_at) values ('lisos-20-colores-blanco-castilla-173-p-18-05-2026-FERNANDO-8-11', 'lisos-20-colores-blanco-castilla-173-p-18-05-2026', 'FERNANDO', 'DISMAR DUERO', 3.0, null, 'lisos-20-colores-blanco-castilla-173-p-18-05-2026:FERNANDO:8:11', '2026-05-22T17:03:00.902769+00:00', '2026-05-22T17:03:00.902769+00:00');
insert into orders (id, variant_id, commercial, customer, pallets, notes, source_key, created_at, updated_at) values ('lisos-20-colores-blanco-castilla-173-p-18-05-2026-FERNANDO-9-11', 'lisos-20-colores-blanco-castilla-173-p-18-05-2026', 'FERNANDO', 'CENTROCER', 20.0, null, 'lisos-20-colores-blanco-castilla-173-p-18-05-2026:FERNANDO:9:11', '2026-05-22T17:03:00.902769+00:00', '2026-05-22T17:03:00.902769+00:00');
insert into orders (id, variant_id, commercial, customer, pallets, notes, source_key, created_at, updated_at) values ('lisos-20-colores-blanco-castilla-173-p-18-05-2026-FERNANDO-10-11', 'lisos-20-colores-blanco-castilla-173-p-18-05-2026', 'FERNANDO', 'CANDIDO PARRO', 5.0, null, 'lisos-20-colores-blanco-castilla-173-p-18-05-2026:FERNANDO:10:11', '2026-05-22T17:03:00.902769+00:00', '2026-05-22T17:03:00.902769+00:00');
insert into orders (id, variant_id, commercial, customer, pallets, notes, source_key, created_at, updated_at) values ('lisos-20-colores-blanco-castilla-173-p-18-05-2026-FERNANDO-11-11', 'lisos-20-colores-blanco-castilla-173-p-18-05-2026', 'FERNANDO', 'VERACRUZ', 2.0, null, 'lisos-20-colores-blanco-castilla-173-p-18-05-2026:FERNANDO:11:11', '2026-05-22T17:03:00.902769+00:00', '2026-05-22T17:03:00.902769+00:00');
insert into orders (id, variant_id, commercial, customer, pallets, notes, source_key, created_at, updated_at) values ('lisos-20-colores-blanco-castilla-173-p-18-05-2026-FERNANDO-13-11', 'lisos-20-colores-blanco-castilla-173-p-18-05-2026', 'FERNANDO', 'CANDIDO PARRO', 14.0, null, 'lisos-20-colores-blanco-castilla-173-p-18-05-2026:FERNANDO:13:11', '2026-05-22T17:03:00.902769+00:00', '2026-05-22T17:03:00.902769+00:00');
insert into orders (id, variant_id, commercial, customer, pallets, notes, source_key, created_at, updated_at) values ('lisos-20-colores-blanco-castilla-173-p-18-05-2026-FERNANDO-14-11', 'lisos-20-colores-blanco-castilla-173-p-18-05-2026', 'FERNANDO', 'PEREGAR', 10.0, null, 'lisos-20-colores-blanco-castilla-173-p-18-05-2026:FERNANDO:14:11', '2026-05-22T17:03:00.902769+00:00', '2026-05-22T17:03:00.902769+00:00');
insert into orders (id, variant_id, commercial, customer, pallets, notes, source_key, created_at, updated_at) values ('lisos-20-colores-blanco-castilla-173-p-18-05-2026-FERNANDO-15-11', 'lisos-20-colores-blanco-castilla-173-p-18-05-2026', 'FERNANDO', 'interiores digar', 10.0, null, 'lisos-20-colores-blanco-castilla-173-p-18-05-2026:FERNANDO:15:11', '2026-05-22T17:03:00.902769+00:00', '2026-05-22T17:03:00.902769+00:00');
insert into orders (id, variant_id, commercial, customer, pallets, notes, source_key, created_at, updated_at) values ('lisos-20-colores-blanco-castilla-173-p-18-05-2026-FERNANDO-16-11', 'lisos-20-colores-blanco-castilla-173-p-18-05-2026', 'FERNANDO', 'interiores digar', 5.0, null, 'lisos-20-colores-blanco-castilla-173-p-18-05-2026:FERNANDO:16:11', '2026-05-22T17:03:00.902769+00:00', '2026-05-22T17:03:00.902769+00:00');
insert into orders (id, variant_id, commercial, customer, pallets, notes, source_key, created_at, updated_at) values ('lisos-20-colores-crema-153-palets-18-05-2026-JESUS-6-15', 'lisos-20-colores-crema-153-palets-18-05-2026', 'JESUS', 'GORMA', 6.0, null, 'lisos-20-colores-crema-153-palets-18-05-2026:JESUS:6:15', '2026-05-22T17:03:00.902769+00:00', '2026-05-22T17:03:00.902769+00:00');
insert into orders (id, variant_id, commercial, customer, pallets, notes, source_key, created_at, updated_at) values ('lisos-20-colores-crema-153-palets-18-05-2026-JESUS-8-15', 'lisos-20-colores-crema-153-palets-18-05-2026', 'JESUS', 'MAFER', 6.0, null, 'lisos-20-colores-crema-153-palets-18-05-2026:JESUS:8:15', '2026-05-22T17:03:00.902769+00:00', '2026-05-22T17:03:00.902769+00:00');
insert into orders (id, variant_id, commercial, customer, pallets, notes, source_key, created_at, updated_at) values ('lisos-20-colores-crema-153-palets-18-05-2026-JESUS-9-15', 'lisos-20-colores-crema-153-palets-18-05-2026', 'JESUS', 'NAVAS MOLINERO', 21.0, null, 'lisos-20-colores-crema-153-palets-18-05-2026:JESUS:9:15', '2026-05-22T17:03:00.902769+00:00', '2026-05-22T17:03:00.902769+00:00');
insert into orders (id, variant_id, commercial, customer, pallets, notes, source_key, created_at, updated_at) values ('lisos-20-colores-crema-153-palets-18-05-2026-FERNANDO-5-18', 'lisos-20-colores-crema-153-palets-18-05-2026', 'FERNANDO', 'saltoki', 5.0, null, 'lisos-20-colores-crema-153-palets-18-05-2026:FERNANDO:5:18', '2026-05-22T17:03:00.902769+00:00', '2026-05-22T17:03:00.902769+00:00');
insert into orders (id, variant_id, commercial, customer, pallets, notes, source_key, created_at, updated_at) values ('lisos-20-colores-crema-153-palets-18-05-2026-FERNANDO-6-18', 'lisos-20-colores-crema-153-palets-18-05-2026', 'FERNANDO', 'ANCRIBEA', 2.0, null, 'lisos-20-colores-crema-153-palets-18-05-2026:FERNANDO:6:18', '2026-05-22T17:03:00.902769+00:00', '2026-05-22T17:03:00.902769+00:00');
insert into orders (id, variant_id, commercial, customer, pallets, notes, source_key, created_at, updated_at) values ('lisos-20-colores-crema-153-palets-18-05-2026-FERNANDO-7-18', 'lisos-20-colores-crema-153-palets-18-05-2026', 'FERNANDO', 'gonzalez lopez', 2.0, null, 'lisos-20-colores-crema-153-palets-18-05-2026:FERNANDO:7:18', '2026-05-22T17:03:00.902769+00:00', '2026-05-22T17:03:00.902769+00:00');
insert into orders (id, variant_id, commercial, customer, pallets, notes, source_key, created_at, updated_at) values ('lisos-20-colores-salmon-70-palets-18-05-2026-JESUS-5-22', 'lisos-20-colores-salmon-70-palets-18-05-2026', 'JESUS', 'MERCHAN E HIJOS', 6.0, null, 'lisos-20-colores-salmon-70-palets-18-05-2026:JESUS:5:22', '2026-05-22T17:03:00.902769+00:00', '2026-05-22T17:03:00.902769+00:00');
insert into orders (id, variant_id, commercial, customer, pallets, notes, source_key, created_at, updated_at) values ('lisos-20-colores-salmon-70-palets-18-05-2026-JESUS-6-22', 'lisos-20-colores-salmon-70-palets-18-05-2026', 'JESUS', 'VERAREN', 10.0, null, 'lisos-20-colores-salmon-70-palets-18-05-2026:JESUS:6:22', '2026-05-22T17:03:00.902769+00:00', '2026-05-22T17:03:00.902769+00:00');
insert into orders (id, variant_id, commercial, customer, pallets, notes, source_key, created_at, updated_at) values ('lisos-20-colores-salmon-70-palets-18-05-2026-FERNANDO-5-25', 'lisos-20-colores-salmon-70-palets-18-05-2026', 'FERNANDO', 'ESTRATEGIAS', 4.0, null, 'lisos-20-colores-salmon-70-palets-18-05-2026:FERNANDO:5:25', '2026-05-22T17:03:00.902769+00:00', '2026-05-22T17:03:00.902769+00:00');
insert into orders (id, variant_id, commercial, customer, pallets, notes, source_key, created_at, updated_at) values ('lisos-20-colores-salmon-70-palets-18-05-2026-FERNANDO-6-25', 'lisos-20-colores-salmon-70-palets-18-05-2026', 'FERNANDO', 'COPI', 2.0, null, 'lisos-20-colores-salmon-70-palets-18-05-2026:FERNANDO:6:25', '2026-05-22T17:03:00.902769+00:00', '2026-05-22T17:03:00.902769+00:00');
insert into orders (id, variant_id, commercial, customer, pallets, notes, source_key, created_at, updated_at) values ('lisos-20-colores-salmon-70-palets-18-05-2026-FERNANDO-7-25', 'lisos-20-colores-salmon-70-palets-18-05-2026', 'FERNANDO', 'ICD', 7.0, null, 'lisos-20-colores-salmon-70-palets-18-05-2026:FERNANDO:7:25', '2026-05-22T17:03:00.902769+00:00', '2026-05-22T17:03:00.902769+00:00');
insert into orders (id, variant_id, commercial, customer, pallets, notes, source_key, created_at, updated_at) values ('lisos-20-colores-amarillo-91-palets-18-05-2026-FERNANDO-6-32', 'lisos-20-colores-amarillo-91-palets-18-05-2026', 'FERNANDO', 'MURO', 4.0, null, 'lisos-20-colores-amarillo-91-palets-18-05-2026:FERNANDO:6:32', '2026-05-22T17:03:00.902769+00:00', '2026-05-22T17:03:00.902769+00:00');
insert into orders (id, variant_id, commercial, customer, pallets, notes, source_key, created_at, updated_at) values ('lisos-20-colores-amarillo-91-palets-18-05-2026-FERNANDO-7-32', 'lisos-20-colores-amarillo-91-palets-18-05-2026', 'FERNANDO', 'VENTORRO', 5.0, null, 'lisos-20-colores-amarillo-91-palets-18-05-2026:FERNANDO:7:32', '2026-05-22T17:03:00.902769+00:00', '2026-05-22T17:03:00.902769+00:00');
insert into orders (id, variant_id, commercial, customer, pallets, notes, source_key, created_at, updated_at) values ('split-20-colores-b-sevilla-97-palets-18-05-2026-JESUS-5-1', 'split-20-colores-b-sevilla-97-palets-18-05-2026', 'JESUS', 'JOHN CLIMA', 5.0, null, 'split-20-colores-b-sevilla-97-palets-18-05-2026:JESUS:5:1', '2026-05-22T17:03:00.902769+00:00', '2026-05-22T17:03:00.902769+00:00');
insert into orders (id, variant_id, commercial, customer, pallets, notes, source_key, created_at, updated_at) values ('split-20-colores-b-sevilla-97-palets-18-05-2026-JESUS-6-1', 'split-20-colores-b-sevilla-97-palets-18-05-2026', 'JESUS', 'SARRIA', 20.0, null, 'split-20-colores-b-sevilla-97-palets-18-05-2026:JESUS:6:1', '2026-05-22T17:03:00.902769+00:00', '2026-05-22T17:03:00.902769+00:00');
insert into orders (id, variant_id, commercial, customer, pallets, notes, source_key, created_at, updated_at) values ('split-20-colores-b-sevilla-97-palets-18-05-2026-JESUS-7-1', 'split-20-colores-b-sevilla-97-palets-18-05-2026', 'JESUS', 'ANTIGUA', 23.0, null, 'split-20-colores-b-sevilla-97-palets-18-05-2026:JESUS:7:1', '2026-05-22T17:03:00.902769+00:00', '2026-05-22T17:03:00.902769+00:00');
insert into orders (id, variant_id, commercial, customer, pallets, notes, source_key, created_at, updated_at) values ('split-20-colores-b-sevilla-97-palets-18-05-2026-JESUS-8-1', 'split-20-colores-b-sevilla-97-palets-18-05-2026', 'JESUS', 'JOHN CLIMA', 1.0, null, 'split-20-colores-b-sevilla-97-palets-18-05-2026:JESUS:8:1', '2026-05-22T17:03:00.902769+00:00', '2026-05-22T17:03:00.902769+00:00');
insert into orders (id, variant_id, commercial, customer, pallets, notes, source_key, created_at, updated_at) values ('split-20-colores-b-sevilla-97-palets-18-05-2026-JESUS-10-1', 'split-20-colores-b-sevilla-97-palets-18-05-2026', 'JESUS', 'A. EUROPA', 2.0, null, 'split-20-colores-b-sevilla-97-palets-18-05-2026:JESUS:10:1', '2026-05-22T17:03:00.902769+00:00', '2026-05-22T17:03:00.902769+00:00');
insert into orders (id, variant_id, commercial, customer, pallets, notes, source_key, created_at, updated_at) values ('split-20-colores-b-sevilla-97-palets-18-05-2026-JESUS-15-1', 'split-20-colores-b-sevilla-97-palets-18-05-2026', 'JESUS', 'EAMA', 4.0, null, 'split-20-colores-b-sevilla-97-palets-18-05-2026:JESUS:15:1', '2026-05-22T17:03:00.902769+00:00', '2026-05-22T17:03:00.902769+00:00');
insert into orders (id, variant_id, commercial, customer, pallets, notes, source_key, created_at, updated_at) values ('split-20-colores-b-sevilla-97-palets-18-05-2026-JESUS-22-1', 'split-20-colores-b-sevilla-97-palets-18-05-2026', 'JESUS', 'BERNARDEZ', 5.0, null, 'split-20-colores-b-sevilla-97-palets-18-05-2026:JESUS:22:1', '2026-05-22T17:03:00.902769+00:00', '2026-05-22T17:03:00.902769+00:00');
insert into orders (id, variant_id, commercial, customer, pallets, notes, source_key, created_at, updated_at) values ('split-20-colores-b-sevilla-97-palets-18-05-2026-JESUS-24-1', 'split-20-colores-b-sevilla-97-palets-18-05-2026', 'JESUS', 'LEROY GETAFE 549709', 10.0, null, 'split-20-colores-b-sevilla-97-palets-18-05-2026:JESUS:24:1', '2026-05-22T17:03:00.902769+00:00', '2026-05-22T17:03:00.902769+00:00');
insert into orders (id, variant_id, commercial, customer, pallets, notes, source_key, created_at, updated_at) values ('split-20-colores-b-castilla-64-palets-19-05-2026-JESUS-5-8', 'split-20-colores-b-castilla-64-palets-19-05-2026', 'JESUS', 'PROMACOVI', 29.0, null, 'split-20-colores-b-castilla-64-palets-19-05-2026:JESUS:5:8', '2026-05-22T17:03:00.902769+00:00', '2026-05-22T17:03:00.902769+00:00');
insert into orders (id, variant_id, commercial, customer, pallets, notes, source_key, created_at, updated_at) values ('split-20-colores-b-castilla-64-palets-19-05-2026-JESUS-6-8', 'split-20-colores-b-castilla-64-palets-19-05-2026', 'JESUS', 'LA OBRA', 6.0, null, 'split-20-colores-b-castilla-64-palets-19-05-2026:JESUS:6:8', '2026-05-22T17:03:00.902769+00:00', '2026-05-22T17:03:00.902769+00:00');
insert into orders (id, variant_id, commercial, customer, pallets, notes, source_key, created_at, updated_at) values ('split-20-colores-b-castilla-64-palets-19-05-2026-JESUS-7-8', 'split-20-colores-b-castilla-64-palets-19-05-2026', 'JESUS', 'MATUTE Y BARRENO', 3.0, null, 'split-20-colores-b-castilla-64-palets-19-05-2026:JESUS:7:8', '2026-05-22T17:03:00.902769+00:00', '2026-05-22T17:03:00.902769+00:00');
insert into orders (id, variant_id, commercial, customer, pallets, notes, source_key, created_at, updated_at) values ('split-20-colores-b-castilla-64-palets-19-05-2026-JESUS-10-8', 'split-20-colores-b-castilla-64-palets-19-05-2026', 'JESUS', 'LA OBRA', 8.0, null, 'split-20-colores-b-castilla-64-palets-19-05-2026:JESUS:10:8', '2026-05-22T17:03:00.902769+00:00', '2026-05-22T17:03:00.902769+00:00');
insert into orders (id, variant_id, commercial, customer, pallets, notes, source_key, created_at, updated_at) values ('split-20-colores-b-castilla-64-palets-19-05-2026-JESUS-11-8', 'split-20-colores-b-castilla-64-palets-19-05-2026', 'JESUS', 'CANTA', 10.0, null, 'split-20-colores-b-castilla-64-palets-19-05-2026:JESUS:11:8', '2026-05-22T17:03:00.902769+00:00', '2026-05-22T17:03:00.902769+00:00');
insert into orders (id, variant_id, commercial, customer, pallets, notes, source_key, created_at, updated_at) values ('split-20-colores-b-castilla-64-palets-19-05-2026-JESUS-15-8', 'split-20-colores-b-castilla-64-palets-19-05-2026', 'JESUS', 'SARRIA', 4.0, null, 'split-20-colores-b-castilla-64-palets-19-05-2026:JESUS:15:8', '2026-05-22T17:03:00.902769+00:00', '2026-05-22T17:03:00.902769+00:00');
insert into orders (id, variant_id, commercial, customer, pallets, notes, source_key, created_at, updated_at) values ('split-20-colores-b-castilla-64-palets-19-05-2026-FERNANDO-5-11', 'split-20-colores-b-castilla-64-palets-19-05-2026', 'FERNANDO', 'VICENTE MANZANAS', 8.0, null, 'split-20-colores-b-castilla-64-palets-19-05-2026:FERNANDO:5:11', '2026-05-22T17:03:00.902769+00:00', '2026-05-22T17:03:00.902769+00:00');
insert into orders (id, variant_id, commercial, customer, pallets, notes, source_key, created_at, updated_at) values ('split-20-colores-b-castilla-64-palets-19-05-2026-FERNANDO-6-11', 'split-20-colores-b-castilla-64-palets-19-05-2026', 'FERNANDO', 'ARDOSAN', 1.0, null, 'split-20-colores-b-castilla-64-palets-19-05-2026:FERNANDO:6:11', '2026-05-22T17:03:00.902769+00:00', '2026-05-22T17:03:00.902769+00:00');
insert into orders (id, variant_id, commercial, customer, pallets, notes, source_key, created_at, updated_at) values ('split-20-colores-b-castilla-64-palets-19-05-2026-FERNANDO-7-11', 'split-20-colores-b-castilla-64-palets-19-05-2026', 'FERNANDO', 'EURODEPOT', 2.0, null, 'split-20-colores-b-castilla-64-palets-19-05-2026:FERNANDO:7:11', '2026-05-22T17:03:00.902769+00:00', '2026-05-22T17:03:00.902769+00:00');
insert into orders (id, variant_id, commercial, customer, pallets, notes, source_key, created_at, updated_at) values ('split-20-colores-b-castilla-64-palets-19-05-2026-FERNANDO-8-11', 'split-20-colores-b-castilla-64-palets-19-05-2026', 'FERNANDO', 'ARDOSAN', 5.0, null, 'split-20-colores-b-castilla-64-palets-19-05-2026:FERNANDO:8:11', '2026-05-22T17:03:00.902769+00:00', '2026-05-22T17:03:00.902769+00:00');
insert into orders (id, variant_id, commercial, customer, pallets, notes, source_key, created_at, updated_at) values ('split-20-colores-b-castilla-64-palets-19-05-2026-FERNANDO-10-11', 'split-20-colores-b-castilla-64-palets-19-05-2026', 'FERNANDO', 'CANDIDO PARRO', 18.0, null, 'split-20-colores-b-castilla-64-palets-19-05-2026:FERNANDO:10:11', '2026-05-22T17:03:00.902769+00:00', '2026-05-22T17:03:00.902769+00:00');
insert into orders (id, variant_id, commercial, customer, pallets, notes, source_key, created_at, updated_at) values ('split-20-colores-b-castilla-64-palets-19-05-2026-FERNANDO-11-11', 'split-20-colores-b-castilla-64-palets-19-05-2026', 'FERNANDO', 'LUIS GARCIA NAVAS', 2.0, null, 'split-20-colores-b-castilla-64-palets-19-05-2026:FERNANDO:11:11', '2026-05-22T17:03:00.902769+00:00', '2026-05-22T17:03:00.902769+00:00');
insert into orders (id, variant_id, commercial, customer, pallets, notes, source_key, created_at, updated_at) values ('split-20-colores-b-castilla-64-palets-19-05-2026-FERNANDO-12-11', 'split-20-colores-b-castilla-64-palets-19-05-2026', 'FERNANDO', 'GONZALEZ LOPEZ', 9.0, null, 'split-20-colores-b-castilla-64-palets-19-05-2026:FERNANDO:12:11', '2026-05-22T17:03:00.902769+00:00', '2026-05-22T17:03:00.902769+00:00');
insert into orders (id, variant_id, commercial, customer, pallets, notes, source_key, created_at, updated_at) values ('split-20-colores-b-castilla-64-palets-19-05-2026-FERNANDO-14-11', 'split-20-colores-b-castilla-64-palets-19-05-2026', 'FERNANDO', 'JOSMORAL', 6.0, null, 'split-20-colores-b-castilla-64-palets-19-05-2026:FERNANDO:14:11', '2026-05-22T17:03:00.902769+00:00', '2026-05-22T17:03:00.902769+00:00');
insert into orders (id, variant_id, commercial, customer, pallets, notes, source_key, created_at, updated_at) values ('split-20-colores-b-castilla-64-palets-19-05-2026-FERNANDO-15-11', 'split-20-colores-b-castilla-64-palets-19-05-2026', 'FERNANDO', 'RUFINO 26000938', 4.0, null, 'split-20-colores-b-castilla-64-palets-19-05-2026:FERNANDO:15:11', '2026-05-22T17:03:00.902769+00:00', '2026-05-22T17:03:00.902769+00:00');
insert into orders (id, variant_id, commercial, customer, pallets, notes, source_key, created_at, updated_at) values ('split-20-colores-b-castilla-64-palets-19-05-2026-FERNANDO-17-11', 'split-20-colores-b-castilla-64-palets-19-05-2026', 'FERNANDO', 'A lopez 2', 48.0, null, 'split-20-colores-b-castilla-64-palets-19-05-2026:FERNANDO:17:11', '2026-05-22T17:03:00.902769+00:00', '2026-05-22T17:03:00.902769+00:00');
insert into orders (id, variant_id, commercial, customer, pallets, notes, source_key, created_at, updated_at) values ('split-20-colores-b-castilla-64-palets-19-05-2026-FERNANDO-20-11', 'split-20-colores-b-castilla-64-palets-19-05-2026', 'FERNANDO', 'Hnos Perello', 7.0, null, 'split-20-colores-b-castilla-64-palets-19-05-2026:FERNANDO:20:11', '2026-05-22T17:03:00.902769+00:00', '2026-05-22T17:03:00.902769+00:00');
insert into orders (id, variant_id, commercial, customer, pallets, notes, source_key, created_at, updated_at) values ('split-20-colores-crema-20-palets-18-05-2026-JESUS-5-15', 'split-20-colores-crema-20-palets-18-05-2026', 'JESUS', 'DISMAR', 2.0, null, 'split-20-colores-crema-20-palets-18-05-2026:JESUS:5:15', '2026-05-22T17:03:00.902769+00:00', '2026-05-22T17:03:00.902769+00:00');
insert into orders (id, variant_id, commercial, customer, pallets, notes, source_key, created_at, updated_at) values ('split-20-colores-crema-20-palets-18-05-2026-JESUS-6-15', 'split-20-colores-crema-20-palets-18-05-2026', 'JESUS', 'pelayos', 5.0, null, 'split-20-colores-crema-20-palets-18-05-2026:JESUS:6:15', '2026-05-22T17:03:00.902769+00:00', '2026-05-22T17:03:00.902769+00:00');
insert into orders (id, variant_id, commercial, customer, pallets, notes, source_key, created_at, updated_at) values ('split-20-colores-crema-20-palets-18-05-2026-JESUS-8-15', 'split-20-colores-crema-20-palets-18-05-2026', 'JESUS', 'DISMAR', 1.0, null, 'split-20-colores-crema-20-palets-18-05-2026:JESUS:8:15', '2026-05-22T17:03:00.902769+00:00', '2026-05-22T17:03:00.902769+00:00');
insert into orders (id, variant_id, commercial, customer, pallets, notes, source_key, created_at, updated_at) values ('split-20-colores-crema-20-palets-18-05-2026-JESUS-11-15', 'split-20-colores-crema-20-palets-18-05-2026', 'JESUS', 'GARCIA E HIJOS', 18.0, null, 'split-20-colores-crema-20-palets-18-05-2026:JESUS:11:15', '2026-05-22T17:03:00.902769+00:00', '2026-05-22T17:03:00.902769+00:00');
insert into orders (id, variant_id, commercial, customer, pallets, notes, source_key, created_at, updated_at) values ('split-20-colores-crema-20-palets-18-05-2026-FERNANDO-5-18', 'split-20-colores-crema-20-palets-18-05-2026', 'FERNANDO', 'GONZALEZ LOPEZ', 8.0, null, 'split-20-colores-crema-20-palets-18-05-2026:FERNANDO:5:18', '2026-05-22T17:03:00.902769+00:00', '2026-05-22T17:03:00.902769+00:00');
insert into orders (id, variant_id, commercial, customer, pallets, notes, source_key, created_at, updated_at) values ('split-20-colores-crema-20-palets-18-05-2026-FERNANDO-6-18', 'split-20-colores-crema-20-palets-18-05-2026', 'FERNANDO', 'JOSMORAL', 1.0, null, 'split-20-colores-crema-20-palets-18-05-2026:FERNANDO:6:18', '2026-05-22T17:03:00.902769+00:00', '2026-05-22T17:03:00.902769+00:00');
insert into orders (id, variant_id, commercial, customer, pallets, notes, source_key, created_at, updated_at) values ('split-20-colores-crema-20-palets-18-05-2026-FERNANDO-8-18', 'split-20-colores-crema-20-palets-18-05-2026', 'FERNANDO', 'INDIGAR', 6.0, null, 'split-20-colores-crema-20-palets-18-05-2026:FERNANDO:8:18', '2026-05-22T17:03:00.902769+00:00', '2026-05-22T17:03:00.902769+00:00');
insert into orders (id, variant_id, commercial, customer, pallets, notes, source_key, created_at, updated_at) values ('split-20-colores-crema-20-palets-18-05-2026-FERNANDO-9-18', 'split-20-colores-crema-20-palets-18-05-2026', 'FERNANDO', 'VIRTON', 5.0, null, 'split-20-colores-crema-20-palets-18-05-2026:FERNANDO:9:18', '2026-05-22T17:03:00.902769+00:00', '2026-05-22T17:03:00.902769+00:00');
insert into orders (id, variant_id, commercial, customer, pallets, notes, source_key, created_at, updated_at) values ('split-20-colores-crema-20-palets-18-05-2026-FERNANDO-10-18', 'split-20-colores-crema-20-palets-18-05-2026', 'FERNANDO', 'MURO', 9.0, null, 'split-20-colores-crema-20-palets-18-05-2026:FERNANDO:10:18', '2026-05-22T17:03:00.902769+00:00', '2026-05-22T17:03:00.902769+00:00');
insert into orders (id, variant_id, commercial, customer, pallets, notes, source_key, created_at, updated_at) values ('split-20-colores-salmon-56-palets-18-05-2026-JESUS-5-22', 'split-20-colores-salmon-56-palets-18-05-2026', 'JESUS', 'MERCHAN E HIJOS', 2.0, null, 'split-20-colores-salmon-56-palets-18-05-2026:JESUS:5:22', '2026-05-22T17:03:00.902769+00:00', '2026-05-22T17:03:00.902769+00:00');
insert into orders (id, variant_id, commercial, customer, pallets, notes, source_key, created_at, updated_at) values ('split-20-colores-salmon-56-palets-18-05-2026-FERNANDO-5-25', 'split-20-colores-salmon-56-palets-18-05-2026', 'FERNANDO', 'LUDISVINDO', 6.0, null, 'split-20-colores-salmon-56-palets-18-05-2026:FERNANDO:5:25', '2026-05-22T17:03:00.902769+00:00', '2026-05-22T17:03:00.902769+00:00');
insert into orders (id, variant_id, commercial, customer, pallets, notes, source_key, created_at, updated_at) values ('split-20-colores-salmon-56-palets-18-05-2026-FERNANDO-6-25', 'split-20-colores-salmon-56-palets-18-05-2026', 'FERNANDO', 'PIEDRABUENA', 20.0, null, 'split-20-colores-salmon-56-palets-18-05-2026:FERNANDO:6:25', '2026-05-22T17:03:00.902769+00:00', '2026-05-22T17:03:00.902769+00:00');
insert into orders (id, variant_id, commercial, customer, pallets, notes, source_key, created_at, updated_at) values ('split-20-colores-salmon-56-palets-18-05-2026-FERNANDO-7-25', 'split-20-colores-salmon-56-palets-18-05-2026', 'FERNANDO', 'MADECON', 2.0, null, 'split-20-colores-salmon-56-palets-18-05-2026:FERNANDO:7:25', '2026-05-22T17:03:00.902769+00:00', '2026-05-22T17:03:00.902769+00:00');
insert into orders (id, variant_id, commercial, customer, pallets, notes, source_key, created_at, updated_at) values ('split-20-colores-salmon-56-palets-18-05-2026-FERNANDO-8-25', 'split-20-colores-salmon-56-palets-18-05-2026', 'FERNANDO', 'A lopez 2', 17.0, null, 'split-20-colores-salmon-56-palets-18-05-2026:FERNANDO:8:25', '2026-05-22T17:03:00.902769+00:00', '2026-05-22T17:03:00.902769+00:00');
insert into orders (id, variant_id, commercial, customer, pallets, notes, source_key, created_at, updated_at) values ('split-20-colores-amarillo-0-palets-18-05-2026-JESUS-5-29', 'split-20-colores-amarillo-0-palets-18-05-2026', 'JESUS', 'A. EUROPA', 2.0, null, 'split-20-colores-amarillo-0-palets-18-05-2026:JESUS:5:29', '2026-05-22T17:03:00.902769+00:00', '2026-05-22T17:03:00.902769+00:00');
insert into orders (id, variant_id, commercial, customer, pallets, notes, source_key, created_at, updated_at) values ('split-20-colores-amarillo-0-palets-18-05-2026-JESUS-7-29', 'split-20-colores-amarillo-0-palets-18-05-2026', 'JESUS', 'SEÑORIO', 3.0, null, 'split-20-colores-amarillo-0-palets-18-05-2026:JESUS:7:29', '2026-05-22T17:03:00.902769+00:00', '2026-05-22T17:03:00.902769+00:00');
insert into orders (id, variant_id, commercial, customer, pallets, notes, source_key, created_at, updated_at) values ('split-20-colores-amarillo-0-palets-18-05-2026-JESUS-8-29', 'split-20-colores-amarillo-0-palets-18-05-2026', 'JESUS', 'SANZ MARTIN', 4.0, null, 'split-20-colores-amarillo-0-palets-18-05-2026:JESUS:8:29', '2026-05-22T17:03:00.902769+00:00', '2026-05-22T17:03:00.902769+00:00');
insert into orders (id, variant_id, commercial, customer, pallets, notes, source_key, created_at, updated_at) values ('split-20-colores-amarillo-0-palets-18-05-2026-FERNANDO-5-32', 'split-20-colores-amarillo-0-palets-18-05-2026', 'FERNANDO', 'ANCRIBEA', 4.0, null, 'split-20-colores-amarillo-0-palets-18-05-2026:FERNANDO:5:32', '2026-05-22T17:03:00.902769+00:00', '2026-05-22T17:03:00.902769+00:00');
insert into orders (id, variant_id, commercial, customer, pallets, notes, source_key, created_at, updated_at) values ('split-20-colores-amarillo-0-palets-18-05-2026-FERNANDO-6-32', 'split-20-colores-amarillo-0-palets-18-05-2026', 'FERNANDO', 'MURO', 1.0, null, 'split-20-colores-amarillo-0-palets-18-05-2026:FERNANDO:6:32', '2026-05-22T17:03:00.902769+00:00', '2026-05-22T17:03:00.902769+00:00');
insert into orders (id, variant_id, commercial, customer, pallets, notes, source_key, created_at, updated_at) values ('split-20-colores-amarillo-0-palets-18-05-2026-FERNANDO-9-32', 'split-20-colores-amarillo-0-palets-18-05-2026', 'FERNANDO', 'REYES CELADA', 3.0, null, 'split-20-colores-amarillo-0-palets-18-05-2026:FERNANDO:9:32', '2026-05-22T17:03:00.902769+00:00', '2026-05-22T17:03:00.902769+00:00');
insert into orders (id, variant_id, commercial, customer, pallets, notes, source_key, created_at, updated_at) values ('split-20-colores-amarillo-0-palets-18-05-2026-FERNANDO-10-32', 'split-20-colores-amarillo-0-palets-18-05-2026', 'FERNANDO', 'HOCES HUECAR', 10.0, null, 'split-20-colores-amarillo-0-palets-18-05-2026:FERNANDO:10:32', '2026-05-22T17:03:00.902769+00:00', '2026-05-22T17:03:00.902769+00:00');
insert into orders (id, variant_id, commercial, customer, pallets, notes, source_key, created_at, updated_at) values ('split-20-colores-gris-61-palets-18-05-2026-FERNANDO-5-39', 'split-20-colores-gris-61-palets-18-05-2026', 'FERNANDO', 'Ancribea', 34.0, null, 'split-20-colores-gris-61-palets-18-05-2026:FERNANDO:5:39', '2026-05-22T17:03:00.902769+00:00', '2026-05-22T17:03:00.902769+00:00');
insert into orders (id, variant_id, commercial, customer, pallets, notes, source_key, created_at, updated_at) values ('split-20-colores-granito-136-palets-18-05-2026-JESUS-6-43', 'split-20-colores-granito-136-palets-18-05-2026', 'JESUS', 'BERNARDEZ', 7.0, null, 'split-20-colores-granito-136-palets-18-05-2026:JESUS:6:43', '2026-05-22T17:03:00.902769+00:00', '2026-05-22T17:03:00.902769+00:00');
insert into orders (id, variant_id, commercial, customer, pallets, notes, source_key, created_at, updated_at) values ('split-20-colores-granito-136-palets-18-05-2026-JESUS-8-43', 'split-20-colores-granito-136-palets-18-05-2026', 'JESUS', 'MATUTE Y BARRENO', 1.0, null, 'split-20-colores-granito-136-palets-18-05-2026:JESUS:8:43', '2026-05-22T17:03:00.902769+00:00', '2026-05-22T17:03:00.902769+00:00');
insert into orders (id, variant_id, commercial, customer, pallets, notes, source_key, created_at, updated_at) values ('split-20-colores-granito-136-palets-18-05-2026-FERNANDO-5-46', 'split-20-colores-granito-136-palets-18-05-2026', 'FERNANDO', 'TEJAR HUETE', 2.0, null, 'split-20-colores-granito-136-palets-18-05-2026:FERNANDO:5:46', '2026-05-22T17:03:00.902769+00:00', '2026-05-22T17:03:00.902769+00:00');
insert into orders (id, variant_id, commercial, customer, pallets, notes, source_key, created_at, updated_at) values ('liso-15-colores-blanco-sevilla-80-p-19-05-2026-JESUS-11-1', 'liso-15-colores-blanco-sevilla-80-p-19-05-2026', 'JESUS', 'LEROY GETAFE 547354', 20.0, null, 'liso-15-colores-blanco-sevilla-80-p-19-05-2026:JESUS:11:1', '2026-05-22T17:03:00.902769+00:00', '2026-05-22T17:03:00.902769+00:00');
insert into orders (id, variant_id, commercial, customer, pallets, notes, source_key, created_at, updated_at) values ('liso-15-colores-blanco-sevilla-80-p-19-05-2026-JESUS-12-1', 'liso-15-colores-blanco-sevilla-80-p-19-05-2026', 'JESUS', 'LEROY GETAFE 547355', 20.0, null, 'liso-15-colores-blanco-sevilla-80-p-19-05-2026:JESUS:12:1', '2026-05-22T17:03:00.902769+00:00', '2026-05-22T17:03:00.902769+00:00');
insert into orders (id, variant_id, commercial, customer, pallets, notes, source_key, created_at, updated_at) values ('liso-15-colores-blanco-sevilla-80-p-19-05-2026-JESUS-13-1', 'liso-15-colores-blanco-sevilla-80-p-19-05-2026', 'JESUS', 'LEROY GETAFE 547356', 20.0, null, 'liso-15-colores-blanco-sevilla-80-p-19-05-2026:JESUS:13:1', '2026-05-22T17:03:00.902769+00:00', '2026-05-22T17:03:00.902769+00:00');
insert into orders (id, variant_id, commercial, customer, pallets, notes, source_key, created_at, updated_at) values ('liso-15-colores-blanco-sevilla-80-p-19-05-2026-FERNANDO-5-4', 'liso-15-colores-blanco-sevilla-80-p-19-05-2026', 'FERNANDO', 'RUMAR', 16.0, null, 'liso-15-colores-blanco-sevilla-80-p-19-05-2026:FERNANDO:5:4', '2026-05-22T17:03:00.902769+00:00', '2026-05-22T17:03:00.902769+00:00');
insert into orders (id, variant_id, commercial, customer, pallets, notes, source_key, created_at, updated_at) values ('liso-15-colores-blanco-sevilla-80-p-19-05-2026-FERNANDO-6-4', 'liso-15-colores-blanco-sevilla-80-p-19-05-2026', 'FERNANDO', 'GONZALEZ LOPEZ', 26.0, null, 'liso-15-colores-blanco-sevilla-80-p-19-05-2026:FERNANDO:6:4', '2026-05-22T17:03:00.902769+00:00', '2026-05-22T17:03:00.902769+00:00');
insert into orders (id, variant_id, commercial, customer, pallets, notes, source_key, created_at, updated_at) values ('liso-15-colores-blanco-sevilla-80-p-19-05-2026-FERNANDO-7-4', 'liso-15-colores-blanco-sevilla-80-p-19-05-2026', 'FERNANDO', 'VENTORRO', 8.0, null, 'liso-15-colores-blanco-sevilla-80-p-19-05-2026:FERNANDO:7:4', '2026-05-22T17:03:00.902769+00:00', '2026-05-22T17:03:00.902769+00:00');
insert into orders (id, variant_id, commercial, customer, pallets, notes, source_key, created_at, updated_at) values ('liso-15-colores-blanco-sevilla-80-p-19-05-2026-FERNANDO-8-4', 'liso-15-colores-blanco-sevilla-80-p-19-05-2026', 'FERNANDO', 'A11065982', 4.0, null, 'liso-15-colores-blanco-sevilla-80-p-19-05-2026:FERNANDO:8:4', '2026-05-22T17:03:00.902769+00:00', '2026-05-22T17:03:00.902769+00:00');
insert into orders (id, variant_id, commercial, customer, pallets, notes, source_key, created_at, updated_at) values ('liso-15-colores-blanco-sevilla-80-p-19-05-2026-FERNANDO-9-4', 'liso-15-colores-blanco-sevilla-80-p-19-05-2026', 'FERNANDO', 'HSG', 2.0, null, 'liso-15-colores-blanco-sevilla-80-p-19-05-2026:FERNANDO:9:4', '2026-05-22T17:03:00.902769+00:00', '2026-05-22T17:03:00.902769+00:00');
insert into orders (id, variant_id, commercial, customer, pallets, notes, source_key, created_at, updated_at) values ('liso-15-colores-blanco-sevilla-80-p-19-05-2026-FERNANDO-10-4', 'liso-15-colores-blanco-sevilla-80-p-19-05-2026', 'FERNANDO', 'PAV ALONSO', 2.0, null, 'liso-15-colores-blanco-sevilla-80-p-19-05-2026:FERNANDO:10:4', '2026-05-22T17:03:00.902769+00:00', '2026-05-22T17:03:00.902769+00:00');
insert into orders (id, variant_id, commercial, customer, pallets, notes, source_key, created_at, updated_at) values ('liso-15-colores-blanco-castilla-37-p-18-05-2026-JESUS-5-8', 'liso-15-colores-blanco-castilla-37-p-18-05-2026', 'JESUS', 'LA OBRA', 6.0, null, 'liso-15-colores-blanco-castilla-37-p-18-05-2026:JESUS:5:8', '2026-05-22T17:03:00.902769+00:00', '2026-05-22T17:03:00.902769+00:00');
insert into orders (id, variant_id, commercial, customer, pallets, notes, source_key, created_at, updated_at) values ('liso-15-colores-blanco-castilla-37-p-18-05-2026-FERNANDO-5-11', 'liso-15-colores-blanco-castilla-37-p-18-05-2026', 'FERNANDO', 'macecu', 1.0, null, 'liso-15-colores-blanco-castilla-37-p-18-05-2026:FERNANDO:5:11', '2026-05-22T17:03:00.902769+00:00', '2026-05-22T17:03:00.902769+00:00');
insert into orders (id, variant_id, commercial, customer, pallets, notes, source_key, created_at, updated_at) values ('liso-15-colores-blanco-castilla-37-p-18-05-2026-FERNANDO-6-11', 'liso-15-colores-blanco-castilla-37-p-18-05-2026', 'FERNANDO', 'GONZALEZ LOPEZ', 5.0, null, 'liso-15-colores-blanco-castilla-37-p-18-05-2026:FERNANDO:6:11', '2026-05-22T17:03:00.902769+00:00', '2026-05-22T17:03:00.902769+00:00');
insert into orders (id, variant_id, commercial, customer, pallets, notes, source_key, created_at, updated_at) values ('liso-15-colores-blanco-castilla-37-p-18-05-2026-FERNANDO-8-11', 'liso-15-colores-blanco-castilla-37-p-18-05-2026', 'FERNANDO', 'VERACRUZ', 1.0, null, 'liso-15-colores-blanco-castilla-37-p-18-05-2026:FERNANDO:8:11', '2026-05-22T17:03:00.902769+00:00', '2026-05-22T17:03:00.902769+00:00');
insert into orders (id, variant_id, commercial, customer, pallets, notes, source_key, created_at, updated_at) values ('liso-15-colores-blanco-castilla-37-p-18-05-2026-FERNANDO-9-11', 'liso-15-colores-blanco-castilla-37-p-18-05-2026', 'FERNANDO', 'Ancribea', 3.0, null, 'liso-15-colores-blanco-castilla-37-p-18-05-2026:FERNANDO:9:11', '2026-05-22T17:03:00.902769+00:00', '2026-05-22T17:03:00.902769+00:00');
insert into orders (id, variant_id, commercial, customer, pallets, notes, source_key, created_at, updated_at) values ('liso-15-colores-blanco-castilla-37-p-18-05-2026-FERNANDO-10-11', 'liso-15-colores-blanco-castilla-37-p-18-05-2026', 'FERNANDO', 'Ancribea', 1.0, null, 'liso-15-colores-blanco-castilla-37-p-18-05-2026:FERNANDO:10:11', '2026-05-22T17:03:00.902769+00:00', '2026-05-22T17:03:00.902769+00:00');
insert into orders (id, variant_id, commercial, customer, pallets, notes, source_key, created_at, updated_at) values ('liso-15-colores-crema-73-p-18-05-2026-JESUS-5-15', 'liso-15-colores-crema-73-p-18-05-2026', 'JESUS', 'JERO FLORES', 3.0, null, 'liso-15-colores-crema-73-p-18-05-2026:JESUS:5:15', '2026-05-22T17:03:00.902769+00:00', '2026-05-22T17:03:00.902769+00:00');
insert into orders (id, variant_id, commercial, customer, pallets, notes, source_key, created_at, updated_at) values ('liso-15-colores-crema-73-p-18-05-2026-FERNANDO-5-18', 'liso-15-colores-crema-73-p-18-05-2026', 'FERNANDO', 'SUM SANCHEZ', 3.0, null, 'liso-15-colores-crema-73-p-18-05-2026:FERNANDO:5:18', '2026-05-22T17:03:00.902769+00:00', '2026-05-22T17:03:00.902769+00:00');
insert into orders (id, variant_id, commercial, customer, pallets, notes, source_key, created_at, updated_at) values ('liso-15-colores-crema-73-p-18-05-2026-FERNANDO-6-18', 'liso-15-colores-crema-73-p-18-05-2026', 'FERNANDO', 'SANCHEZ QUINTANAR', 3.0, null, 'liso-15-colores-crema-73-p-18-05-2026:FERNANDO:6:18', '2026-05-22T17:03:00.902769+00:00', '2026-05-22T17:03:00.902769+00:00');
insert into orders (id, variant_id, commercial, customer, pallets, notes, source_key, created_at, updated_at) values ('liso-15-colores-crema-73-p-18-05-2026-FERNANDO-7-18', 'liso-15-colores-crema-73-p-18-05-2026', 'FERNANDO', 'A LOPEZ', 6.0, null, 'liso-15-colores-crema-73-p-18-05-2026:FERNANDO:7:18', '2026-05-22T17:03:00.902769+00:00', '2026-05-22T17:03:00.902769+00:00');
insert into orders (id, variant_id, commercial, customer, pallets, notes, source_key, created_at, updated_at) values ('liso-15-colores-crema-73-p-18-05-2026-FERNANDO-8-18', 'liso-15-colores-crema-73-p-18-05-2026', 'FERNANDO', 'SANFER', 5.0, null, 'liso-15-colores-crema-73-p-18-05-2026:FERNANDO:8:18', '2026-05-22T17:03:00.902769+00:00', '2026-05-22T17:03:00.902769+00:00');
insert into orders (id, variant_id, commercial, customer, pallets, notes, source_key, created_at, updated_at) values ('split-15-colores-y-gris-blanco-sevilla-8-palets-18-05-2026-JESUS-5-1', 'split-15-colores-y-gris-blanco-sevilla-8-palets-18-05-2026', 'JESUS', 'RICO ESPJ', 2.0, null, 'split-15-colores-y-gris-blanco-sevilla-8-palets-18-05-2026:JESUS:5:1', '2026-05-22T17:03:00.902769+00:00', '2026-05-22T17:03:00.902769+00:00');
insert into orders (id, variant_id, commercial, customer, pallets, notes, source_key, created_at, updated_at) values ('split-15-colores-y-gris-blanco-sevilla-8-palets-18-05-2026-JESUS-6-1', 'split-15-colores-y-gris-blanco-sevilla-8-palets-18-05-2026', 'JESUS', 'VERAREN', 8.0, null, 'split-15-colores-y-gris-blanco-sevilla-8-palets-18-05-2026:JESUS:6:1', '2026-05-22T17:03:00.902769+00:00', '2026-05-22T17:03:00.902769+00:00');
insert into orders (id, variant_id, commercial, customer, pallets, notes, source_key, created_at, updated_at) values ('split-15-colores-y-gris-blanco-sevilla-8-palets-18-05-2026-FERNANDO-5-4', 'split-15-colores-y-gris-blanco-sevilla-8-palets-18-05-2026', 'FERNANDO', 'CALYPO', 2.0, null, 'split-15-colores-y-gris-blanco-sevilla-8-palets-18-05-2026:FERNANDO:5:4', '2026-05-22T17:03:00.902769+00:00', '2026-05-22T17:03:00.902769+00:00');
insert into orders (id, variant_id, commercial, customer, pallets, notes, source_key, created_at, updated_at) values ('split-15-colores-y-gris-blanco-sevilla-8-palets-18-05-2026-FERNANDO-6-4', 'split-15-colores-y-gris-blanco-sevilla-8-palets-18-05-2026', 'FERNANDO', 'pedro serrano', 3.0, null, 'split-15-colores-y-gris-blanco-sevilla-8-palets-18-05-2026:FERNANDO:6:4', '2026-05-22T17:03:00.902769+00:00', '2026-05-22T17:03:00.902769+00:00');
insert into orders (id, variant_id, commercial, customer, pallets, notes, source_key, created_at, updated_at) values ('split-15-colores-y-gris-blanco-sevilla-8-palets-18-05-2026-FERNANDO-8-4', 'split-15-colores-y-gris-blanco-sevilla-8-palets-18-05-2026', 'FERNANDO', 'JOSMORAL', 17.0, null, 'split-15-colores-y-gris-blanco-sevilla-8-palets-18-05-2026:FERNANDO:8:4', '2026-05-22T17:03:00.902769+00:00', '2026-05-22T17:03:00.902769+00:00');
insert into orders (id, variant_id, commercial, customer, pallets, notes, source_key, created_at, updated_at) values ('split-15-colores-y-gris-blanco-sevilla-8-palets-18-05-2026-FERNANDO-9-4', 'split-15-colores-y-gris-blanco-sevilla-8-palets-18-05-2026', 'FERNANDO', 'SALTOKI 442372', 2.0, null, 'split-15-colores-y-gris-blanco-sevilla-8-palets-18-05-2026:FERNANDO:9:4', '2026-05-22T17:03:00.902769+00:00', '2026-05-22T17:03:00.902769+00:00');
insert into orders (id, variant_id, commercial, customer, pallets, notes, source_key, created_at, updated_at) values ('split-15-colores-y-gris-blanco-sevilla-8-palets-18-05-2026-FERNANDO-12-4', 'split-15-colores-y-gris-blanco-sevilla-8-palets-18-05-2026', 'FERNANDO', 'A1105982', 4.0, null, 'split-15-colores-y-gris-blanco-sevilla-8-palets-18-05-2026:FERNANDO:12:4', '2026-05-22T17:03:00.902769+00:00', '2026-05-22T17:03:00.902769+00:00');
insert into orders (id, variant_id, commercial, customer, pallets, notes, source_key, created_at, updated_at) values ('split-15-colores-y-gris-blanco-castilla-35-palets-18-05-2026-FERNANDO-5-11', 'split-15-colores-y-gris-blanco-castilla-35-palets-18-05-2026', 'FERNANDO', 'ARJOMI', 12.0, null, 'split-15-colores-y-gris-blanco-castilla-35-palets-18-05-2026:FERNANDO:5:11', '2026-05-22T17:03:00.902769+00:00', '2026-05-22T17:03:00.902769+00:00');
insert into orders (id, variant_id, commercial, customer, pallets, notes, source_key, created_at, updated_at) values ('split-15-colores-y-gris-blanco-castilla-35-palets-18-05-2026-FERNANDO-6-11', 'split-15-colores-y-gris-blanco-castilla-35-palets-18-05-2026', 'FERNANDO', 'logistik modular', 2.0, null, 'split-15-colores-y-gris-blanco-castilla-35-palets-18-05-2026:FERNANDO:6:11', '2026-05-22T17:03:00.902769+00:00', '2026-05-22T17:03:00.902769+00:00');
insert into orders (id, variant_id, commercial, customer, pallets, notes, source_key, created_at, updated_at) values ('split-15-colores-y-gris-blanco-castilla-35-palets-18-05-2026-FERNANDO-7-11', 'split-15-colores-y-gris-blanco-castilla-35-palets-18-05-2026', 'FERNANDO', 'LUIS GARCIA NAVAS', 1.0, null, 'split-15-colores-y-gris-blanco-castilla-35-palets-18-05-2026:FERNANDO:7:11', '2026-05-22T17:03:00.902769+00:00', '2026-05-22T17:03:00.902769+00:00');
insert into orders (id, variant_id, commercial, customer, pallets, notes, source_key, created_at, updated_at) values ('split-15-colores-y-gris-crema-0-palets-18-04-2026-JESUS-5-15', 'split-15-colores-y-gris-crema-0-palets-18-04-2026', 'JESUS', 'VERAREN', 6.0, null, 'split-15-colores-y-gris-crema-0-palets-18-04-2026:JESUS:5:15', '2026-05-22T17:03:00.902769+00:00', '2026-05-22T17:03:00.902769+00:00');
insert into orders (id, variant_id, commercial, customer, pallets, notes, source_key, created_at, updated_at) values ('split-15-colores-y-gris-crema-0-palets-18-04-2026-JESUS-6-15', 'split-15-colores-y-gris-crema-0-palets-18-04-2026', 'JESUS', 'ORTEGA', 3.0, null, 'split-15-colores-y-gris-crema-0-palets-18-04-2026:JESUS:6:15', '2026-05-22T17:03:00.902769+00:00', '2026-05-22T17:03:00.902769+00:00');
insert into orders (id, variant_id, commercial, customer, pallets, notes, source_key, created_at, updated_at) values ('split-15-colores-y-gris-crema-0-palets-18-04-2026-FERNANDO-5-18', 'split-15-colores-y-gris-crema-0-palets-18-04-2026', 'FERNANDO', 'ANDRES Y DIEGO', 4.0, null, 'split-15-colores-y-gris-crema-0-palets-18-04-2026:FERNANDO:5:18', '2026-05-22T17:03:00.902769+00:00', '2026-05-22T17:03:00.902769+00:00');
insert into orders (id, variant_id, commercial, customer, pallets, notes, source_key, created_at, updated_at) values ('split-15-colores-y-gris-salmon-18-palets-18-05-2026-JESUS-5-29', 'split-15-colores-y-gris-salmon-18-palets-18-05-2026', 'JESUS', 'NAVAS MOLINERO', 1.0, null, 'split-15-colores-y-gris-salmon-18-palets-18-05-2026:JESUS:5:29', '2026-05-22T17:03:00.902769+00:00', '2026-05-22T17:03:00.902769+00:00');
insert into orders (id, variant_id, commercial, customer, pallets, notes, source_key, created_at, updated_at) values ('split-15-colores-y-gris-amarillo-26-palets-18-05-2026-FERNANDO-5-39', 'split-15-colores-y-gris-amarillo-26-palets-18-05-2026', 'FERNANDO', 'FDO. GOMEZ', 7.0, null, 'split-15-colores-y-gris-amarillo-26-palets-18-05-2026:FERNANDO:5:39', '2026-05-22T17:03:00.902769+00:00', '2026-05-22T17:03:00.902769+00:00');
insert into orders (id, variant_id, commercial, customer, pallets, notes, source_key, created_at, updated_at) values ('split-15-colores-y-gris-amarillo-26-palets-18-05-2026-FERNANDO-6-39', 'split-15-colores-y-gris-amarillo-26-palets-18-05-2026', 'FERNANDO', 'SANFER', 13.0, null, 'split-15-colores-y-gris-amarillo-26-palets-18-05-2026:FERNANDO:6:39', '2026-05-22T17:03:00.902769+00:00', '2026-05-22T17:03:00.902769+00:00');
insert into orders (id, variant_id, commercial, customer, pallets, notes, source_key, created_at, updated_at) values ('split-15-colores-y-gris-amarillo-26-palets-18-05-2026-FERNANDO-7-39', 'split-15-colores-y-gris-amarillo-26-palets-18-05-2026', 'FERNANDO', 'VERONICA LOMINCHAR', 4.0, null, 'split-15-colores-y-gris-amarillo-26-palets-18-05-2026:FERNANDO:7:39', '2026-05-22T17:03:00.902769+00:00', '2026-05-22T17:03:00.902769+00:00');
insert into orders (id, variant_id, commercial, customer, pallets, notes, source_key, created_at, updated_at) values ('split-15-colores-y-gris-amarillo-26-palets-18-05-2026-FERNANDO-8-39', 'split-15-colores-y-gris-amarillo-26-palets-18-05-2026', 'FERNANDO', 'VENTORRO', 1.0, null, 'split-15-colores-y-gris-amarillo-26-palets-18-05-2026:FERNANDO:8:39', '2026-05-22T17:03:00.902769+00:00', '2026-05-22T17:03:00.902769+00:00');
insert into orders (id, variant_id, commercial, customer, pallets, notes, source_key, created_at, updated_at) values ('split-20-2caras-bl-sevilla-69-palets-18-05-2026-JESUS-5-1', 'split-20-2caras-bl-sevilla-69-palets-18-05-2026', 'JESUS', 'RUFINO', 25.0, null, 'split-20-2caras-bl-sevilla-69-palets-18-05-2026:JESUS:5:1', '2026-05-22T17:03:00.902769+00:00', '2026-05-22T17:03:00.902769+00:00');
insert into orders (id, variant_id, commercial, customer, pallets, notes, source_key, created_at, updated_at) values ('split-20-2caras-bl-sevilla-69-palets-18-05-2026-JESUS-6-1', 'split-20-2caras-bl-sevilla-69-palets-18-05-2026', 'JESUS', 'DE LEMA', 8.0, null, 'split-20-2caras-bl-sevilla-69-palets-18-05-2026:JESUS:6:1', '2026-05-22T17:03:00.902769+00:00', '2026-05-22T17:03:00.902769+00:00');
insert into orders (id, variant_id, commercial, customer, pallets, notes, source_key, created_at, updated_at) values ('split-20-2caras-bl-sevilla-69-palets-18-05-2026-JESUS-9-1', 'split-20-2caras-bl-sevilla-69-palets-18-05-2026', 'JESUS', 'SARRIA', 5.0, null, 'split-20-2caras-bl-sevilla-69-palets-18-05-2026:JESUS:9:1', '2026-05-22T17:03:00.902769+00:00', '2026-05-22T17:03:00.902769+00:00');
insert into orders (id, variant_id, commercial, customer, pallets, notes, source_key, created_at, updated_at) values ('split-20-2caras-bl-sevilla-69-palets-18-05-2026-JESUS-11-1', 'split-20-2caras-bl-sevilla-69-palets-18-05-2026', 'JESUS', 'C.TORRES', 20.0, null, 'split-20-2caras-bl-sevilla-69-palets-18-05-2026:JESUS:11:1', '2026-05-22T17:03:00.902769+00:00', '2026-05-22T17:03:00.902769+00:00');
insert into orders (id, variant_id, commercial, customer, pallets, notes, source_key, created_at, updated_at) values ('split-20-2caras-bl-sevilla-69-palets-18-05-2026-JESUS-12-1', 'split-20-2caras-bl-sevilla-69-palets-18-05-2026', 'JESUS', 'C.TOREES', 20.0, null, 'split-20-2caras-bl-sevilla-69-palets-18-05-2026:JESUS:12:1', '2026-05-22T17:03:00.902769+00:00', '2026-05-22T17:03:00.902769+00:00');
insert into orders (id, variant_id, commercial, customer, pallets, notes, source_key, created_at, updated_at) values ('split-20-2caras-bl-sevilla-69-palets-18-05-2026-FERNANDO-5-4', 'split-20-2caras-bl-sevilla-69-palets-18-05-2026', 'FERNANDO', 'c. parro', 7.0, null, 'split-20-2caras-bl-sevilla-69-palets-18-05-2026:FERNANDO:5:4', '2026-05-22T17:03:00.902769+00:00', '2026-05-22T17:03:00.902769+00:00');
insert into orders (id, variant_id, commercial, customer, pallets, notes, source_key, created_at, updated_at) values ('split-20-2caras-bl-sevilla-69-palets-18-05-2026-FERNANDO-6-4', 'split-20-2caras-bl-sevilla-69-palets-18-05-2026', 'FERNANDO', 'SAINT GOBAIN', 10.0, null, 'split-20-2caras-bl-sevilla-69-palets-18-05-2026:FERNANDO:6:4', '2026-05-22T17:03:00.902769+00:00', '2026-05-22T17:03:00.902769+00:00');
insert into orders (id, variant_id, commercial, customer, pallets, notes, source_key, created_at, updated_at) values ('split-20-2caras-bl-sevilla-69-palets-18-05-2026-FERNANDO-7-4', 'split-20-2caras-bl-sevilla-69-palets-18-05-2026', 'FERNANDO', 'JOSMORAL', 8.0, null, 'split-20-2caras-bl-sevilla-69-palets-18-05-2026:FERNANDO:7:4', '2026-05-22T17:03:00.902769+00:00', '2026-05-22T17:03:00.902769+00:00');
insert into orders (id, variant_id, commercial, customer, pallets, notes, source_key, created_at, updated_at) values ('split-20-2caras-bl-sevilla-69-palets-18-05-2026-FERNANDO-8-4', 'split-20-2caras-bl-sevilla-69-palets-18-05-2026', 'FERNANDO', 'LOS PEPOTES', 14.0, null, 'split-20-2caras-bl-sevilla-69-palets-18-05-2026:FERNANDO:8:4', '2026-05-22T17:03:00.902769+00:00', '2026-05-22T17:03:00.902769+00:00');
insert into orders (id, variant_id, commercial, customer, pallets, notes, source_key, created_at, updated_at) values ('split-20-2caras-bl-sevilla-69-palets-18-05-2026-FERNANDO-10-4', 'split-20-2caras-bl-sevilla-69-palets-18-05-2026', 'FERNANDO', 'A01082648', 1.0, null, 'split-20-2caras-bl-sevilla-69-palets-18-05-2026:FERNANDO:10:4', '2026-05-22T17:03:00.902769+00:00', '2026-05-22T17:03:00.902769+00:00');
insert into orders (id, variant_id, commercial, customer, pallets, notes, source_key, created_at, updated_at) values ('split-20-2caras-bl-sevilla-69-palets-18-05-2026-FERNANDO-12-4', 'split-20-2caras-bl-sevilla-69-palets-18-05-2026', 'FERNANDO', 'VIRTON', 6.0, null, 'split-20-2caras-bl-sevilla-69-palets-18-05-2026:FERNANDO:12:4', '2026-05-22T17:03:00.902769+00:00', '2026-05-22T17:03:00.902769+00:00');
insert into orders (id, variant_id, commercial, customer, pallets, notes, source_key, created_at, updated_at) values ('split-20-2caras-bl-sevilla-69-palets-18-05-2026-FERNANDO-13-4', 'split-20-2caras-bl-sevilla-69-palets-18-05-2026', 'FERNANDO', 'VIRTON (OBRA 972 SS)', 42.0, null, 'split-20-2caras-bl-sevilla-69-palets-18-05-2026:FERNANDO:13:4', '2026-05-22T17:03:00.902769+00:00', '2026-05-22T17:03:00.902769+00:00');
insert into orders (id, variant_id, commercial, customer, pallets, notes, source_key, created_at, updated_at) values ('split-20-2caras-blanco-castilla-96-p-18-05-2026-JESUS-5-8', 'split-20-2caras-blanco-castilla-96-p-18-05-2026', 'JESUS', 'CEYCESA', 6.0, null, 'split-20-2caras-blanco-castilla-96-p-18-05-2026:JESUS:5:8', '2026-05-22T17:03:00.902769+00:00', '2026-05-22T17:03:00.902769+00:00');
insert into orders (id, variant_id, commercial, customer, pallets, notes, source_key, created_at, updated_at) values ('split-20-2caras-blanco-castilla-96-p-18-05-2026-FERNANDO-5-11', 'split-20-2caras-blanco-castilla-96-p-18-05-2026', 'FERNANDO', 'VERACRUZ', 8.0, null, 'split-20-2caras-blanco-castilla-96-p-18-05-2026:FERNANDO:5:11', '2026-05-22T17:03:00.902769+00:00', '2026-05-22T17:03:00.902769+00:00');
insert into orders (id, variant_id, commercial, customer, pallets, notes, source_key, created_at, updated_at) values ('split-20-2caras-blanco-castilla-96-p-18-05-2026-FERNANDO-6-11', 'split-20-2caras-blanco-castilla-96-p-18-05-2026', 'FERNANDO', 'arjomi', 5.0, null, 'split-20-2caras-blanco-castilla-96-p-18-05-2026:FERNANDO:6:11', '2026-05-22T17:03:00.902769+00:00', '2026-05-22T17:03:00.902769+00:00');
insert into orders (id, variant_id, commercial, customer, pallets, notes, source_key, created_at, updated_at) values ('split-20-2caras-blanco-castilla-96-p-18-05-2026-FERNANDO-7-11', 'split-20-2caras-blanco-castilla-96-p-18-05-2026', 'FERNANDO', 'CONTRERAS AÑOVER', 19.0, null, 'split-20-2caras-blanco-castilla-96-p-18-05-2026:FERNANDO:7:11', '2026-05-22T17:03:00.902769+00:00', '2026-05-22T17:03:00.902769+00:00');
insert into orders (id, variant_id, commercial, customer, pallets, notes, source_key, created_at, updated_at) values ('split-20-2caras-blanco-castilla-96-p-18-05-2026-FERNANDO-8-11', 'split-20-2caras-blanco-castilla-96-p-18-05-2026', 'FERNANDO', 'ALEJANDRO ALONSO', 9.0, null, 'split-20-2caras-blanco-castilla-96-p-18-05-2026:FERNANDO:8:11', '2026-05-22T17:03:00.902769+00:00', '2026-05-22T17:03:00.902769+00:00');
insert into orders (id, variant_id, commercial, customer, pallets, notes, source_key, created_at, updated_at) values ('split-20-2caras-blanco-castilla-96-p-18-05-2026-FERNANDO-9-11', 'split-20-2caras-blanco-castilla-96-p-18-05-2026', 'FERNANDO', 'Hnos Perello', 13.0, null, 'split-20-2caras-blanco-castilla-96-p-18-05-2026:FERNANDO:9:11', '2026-05-22T17:03:00.902769+00:00', '2026-05-22T17:03:00.902769+00:00');
insert into orders (id, variant_id, commercial, customer, pallets, notes, source_key, created_at, updated_at) values ('split-20-2caras-blanco-castilla-96-p-18-05-2026-FERNANDO-10-11', 'split-20-2caras-blanco-castilla-96-p-18-05-2026', 'FERNANDO', 'a lopez 2', 45.0, null, 'split-20-2caras-blanco-castilla-96-p-18-05-2026:FERNANDO:10:11', '2026-05-22T17:03:00.902769+00:00', '2026-05-22T17:03:00.902769+00:00');
insert into orders (id, variant_id, commercial, customer, pallets, notes, source_key, created_at, updated_at) values ('split-20-2caras-crema-33-palets-18-05-2026-JESUS-5-15', 'split-20-2caras-crema-33-palets-18-05-2026', 'JESUS', 'TIEMBLO', 4.0, null, 'split-20-2caras-crema-33-palets-18-05-2026:JESUS:5:15', '2026-05-22T17:03:00.902769+00:00', '2026-05-22T17:03:00.902769+00:00');
insert into orders (id, variant_id, commercial, customer, pallets, notes, source_key, created_at, updated_at) values ('split-20-2caras-gris-66-palets-11-05-2026-FERNANDO-5-25', 'split-20-2caras-gris-66-palets-11-05-2026', 'FERNANDO', 'MADECON', 6.0, null, 'split-20-2caras-gris-66-palets-11-05-2026:FERNANDO:5:25', '2026-05-22T17:03:00.902769+00:00', '2026-05-22T17:03:00.902769+00:00');
insert into orders (id, variant_id, commercial, customer, pallets, notes, source_key, created_at, updated_at) values ('split-20-2caras-salmon-15-palets-18-05-2026-JESUS-5-29', 'split-20-2caras-salmon-15-palets-18-05-2026', 'JESUS', 'ISAIAS ABAB', 4.0, null, 'split-20-2caras-salmon-15-palets-18-05-2026:JESUS:5:29', '2026-05-22T17:03:00.902769+00:00', '2026-05-22T17:03:00.902769+00:00');
insert into orders (id, variant_id, commercial, customer, pallets, notes, source_key, created_at, updated_at) values ('split-20-2caras-salmon-15-palets-18-05-2026-FERNANDO-5-32', 'split-20-2caras-salmon-15-palets-18-05-2026', 'FERNANDO', 'ROMAJE', 5.0, null, 'split-20-2caras-salmon-15-palets-18-05-2026:FERNANDO:5:32', '2026-05-22T17:03:00.902769+00:00', '2026-05-22T17:03:00.902769+00:00');
insert into orders (id, variant_id, commercial, customer, pallets, notes, source_key, created_at, updated_at) values ('split-20-2caras-amarillo-19-palets-18-05-2026-FERNANDO-5-39', 'split-20-2caras-amarillo-19-palets-18-05-2026', 'FERNANDO', 'SANFER', 3.0, null, 'split-20-2caras-amarillo-19-palets-18-05-2026:FERNANDO:5:39', '2026-05-22T17:03:00.902769+00:00', '2026-05-22T17:03:00.902769+00:00');
insert into orders (id, variant_id, commercial, customer, pallets, notes, source_key, created_at, updated_at) values ('split-20-2caras-granito-37-palets-18-05-2026-JESUS-6-43', 'split-20-2caras-granito-37-palets-18-05-2026', 'JESUS', 'BERNARDEZ', 10.0, null, 'split-20-2caras-granito-37-palets-18-05-2026:JESUS:6:43', '2026-05-22T17:03:00.902769+00:00', '2026-05-22T17:03:00.902769+00:00');
insert into orders (id, variant_id, commercial, customer, pallets, notes, source_key, created_at, updated_at) values ('split-20-2caras-granito-37-palets-18-05-2026-JESUS-8-43', 'split-20-2caras-granito-37-palets-18-05-2026', 'JESUS', 'VILLAVICIOSA', 10.0, null, 'split-20-2caras-granito-37-palets-18-05-2026:JESUS:8:43', '2026-05-22T17:03:00.902769+00:00', '2026-05-22T17:03:00.902769+00:00');
insert into orders (id, variant_id, commercial, customer, pallets, notes, source_key, created_at, updated_at) values ('split-20-2caras-granito-37-palets-18-05-2026-FERNANDO-5-46', 'split-20-2caras-granito-37-palets-18-05-2026', 'FERNANDO', 'VERONICA LOMINCHAR', 2.0, null, 'split-20-2caras-granito-37-palets-18-05-2026:FERNANDO:5:46', '2026-05-22T17:03:00.902769+00:00', '2026-05-22T17:03:00.902769+00:00');
insert into orders (id, variant_id, commercial, customer, pallets, notes, source_key, created_at, updated_at) values ('bloque-40x20x20-liso-gris-bloque-40x20x20-liso-gris-300-20-05-26-JESUS-7-2', 'bloque-40x20x20-liso-gris-bloque-40x20x20-liso-gris-300-20-05-26', 'JESUS', 'SEGURA E HIJOS SAN SEBATIAN (19-05-26)', 20.0, null, 'bloque-40x20x20-liso-gris-bloque-40x20x20-liso-gris-300-20-05-26:JESUS:7:2', '2026-05-22T17:03:00.902769+00:00', '2026-05-22T17:03:00.902769+00:00');
insert into orders (id, variant_id, commercial, customer, pallets, notes, source_key, created_at, updated_at) values ('bloque-40x20x20-liso-gris-bloque-40x20x20-liso-gris-300-20-05-26-JESUS-8-2', 'bloque-40x20x20-liso-gris-bloque-40x20x20-liso-gris-300-20-05-26', 'JESUS', 'MARTIN GAMELLA', 20.0, null, 'bloque-40x20x20-liso-gris-bloque-40x20x20-liso-gris-300-20-05-26:JESUS:8:2', '2026-05-22T17:03:00.902769+00:00', '2026-05-22T17:03:00.902769+00:00');
insert into orders (id, variant_id, commercial, customer, pallets, notes, source_key, created_at, updated_at) values ('bloque-40x20x20-liso-gris-bloque-40x20x20-liso-gris-300-20-05-26-JESUS-9-2', 'bloque-40x20x20-liso-gris-bloque-40x20x20-liso-gris-300-20-05-26', 'JESUS', 'BENJAMIN GARCIA', 18.0, null, 'bloque-40x20x20-liso-gris-bloque-40x20x20-liso-gris-300-20-05-26:JESUS:9:2', '2026-05-22T17:03:00.902769+00:00', '2026-05-22T17:03:00.902769+00:00');
insert into orders (id, variant_id, commercial, customer, pallets, notes, source_key, created_at, updated_at) values ('bloque-40x20x20-liso-gris-bloque-40x20x20-liso-gris-300-20-05-26-JESUS-10-2', 'bloque-40x20x20-liso-gris-bloque-40x20x20-liso-gris-300-20-05-26', 'JESUS', 'RUFINO 26000970', 18.0, null, 'bloque-40x20x20-liso-gris-bloque-40x20x20-liso-gris-300-20-05-26:JESUS:10:2', '2026-05-22T17:03:00.902769+00:00', '2026-05-22T17:03:00.902769+00:00');
insert into orders (id, variant_id, commercial, customer, pallets, notes, source_key, created_at, updated_at) values ('bloque-40x20x20-liso-gris-bloque-40x20x20-liso-gris-300-20-05-26-JESUS-11-2', 'bloque-40x20x20-liso-gris-bloque-40x20x20-liso-gris-300-20-05-26', 'JESUS', 'PREF OLIVARES', 22.0, null, 'bloque-40x20x20-liso-gris-bloque-40x20x20-liso-gris-300-20-05-26:JESUS:11:2', '2026-05-22T17:03:00.902769+00:00', '2026-05-22T17:03:00.902769+00:00');
insert into orders (id, variant_id, commercial, customer, pallets, notes, source_key, created_at, updated_at) values ('bloque-40x20x20-liso-gris-bloque-40x20x20-liso-gris-300-20-05-26-JESUS-12-2', 'bloque-40x20x20-liso-gris-bloque-40x20x20-liso-gris-300-20-05-26', 'JESUS', 'RUFINO 26001020', 7.0, null, 'bloque-40x20x20-liso-gris-bloque-40x20x20-liso-gris-300-20-05-26:JESUS:12:2', '2026-05-22T17:03:00.902769+00:00', '2026-05-22T17:03:00.902769+00:00');
insert into orders (id, variant_id, commercial, customer, pallets, notes, source_key, created_at, updated_at) values ('bloque-40x20x20-liso-gris-bloque-40x20x20-liso-gris-300-20-05-26-JESUS-15-2', 'bloque-40x20x20-liso-gris-bloque-40x20x20-liso-gris-300-20-05-26', 'JESUS', 'VERAREN (PC0100655)', 13.0, null, 'bloque-40x20x20-liso-gris-bloque-40x20x20-liso-gris-300-20-05-26:JESUS:15:2', '2026-05-22T17:03:00.902769+00:00', '2026-05-22T17:03:00.902769+00:00');
insert into orders (id, variant_id, commercial, customer, pallets, notes, source_key, created_at, updated_at) values ('bloque-40x20x20-liso-gris-bloque-40x20x20-liso-gris-300-20-05-26-JESUS-16-2', 'bloque-40x20x20-liso-gris-bloque-40x20x20-liso-gris-300-20-05-26', 'JESUS', 'PELAYOS', 22.0, null, 'bloque-40x20x20-liso-gris-bloque-40x20x20-liso-gris-300-20-05-26:JESUS:16:2', '2026-05-22T17:03:00.902769+00:00', '2026-05-22T17:03:00.902769+00:00');
insert into orders (id, variant_id, commercial, customer, pallets, notes, source_key, created_at, updated_at) values ('bloque-40x20x20-liso-gris-bloque-40x20x20-liso-gris-300-20-05-26-JESUS-20-2', 'bloque-40x20x20-liso-gris-bloque-40x20x20-liso-gris-300-20-05-26', 'JESUS', 'VERAREN (PC0100713)', 10.0, null, 'bloque-40x20x20-liso-gris-bloque-40x20x20-liso-gris-300-20-05-26:JESUS:20:2', '2026-05-22T17:03:00.902769+00:00', '2026-05-22T17:03:00.902769+00:00');
insert into orders (id, variant_id, commercial, customer, pallets, notes, source_key, created_at, updated_at) values ('bloque-40x20x20-liso-gris-bloque-40x20x20-liso-gris-300-20-05-26-JESUS-21-2', 'bloque-40x20x20-liso-gris-bloque-40x20x20-liso-gris-300-20-05-26', 'JESUS', 'MATERIALES UCEDA (SEMANA 19)', 14.0, null, 'bloque-40x20x20-liso-gris-bloque-40x20x20-liso-gris-300-20-05-26:JESUS:21:2', '2026-05-22T17:03:00.902769+00:00', '2026-05-22T17:03:00.902769+00:00');
insert into orders (id, variant_id, commercial, customer, pallets, notes, source_key, created_at, updated_at) values ('bloque-40x20x20-liso-gris-bloque-40x20x20-liso-gris-300-20-05-26-JESUS-32-2', 'bloque-40x20x20-liso-gris-bloque-40x20x20-liso-gris-300-20-05-26', 'JESUS', 'ODORICIO', 14.0, null, 'bloque-40x20x20-liso-gris-bloque-40x20x20-liso-gris-300-20-05-26:JESUS:32:2', '2026-05-22T17:03:00.902769+00:00', '2026-05-22T17:03:00.902769+00:00');
insert into orders (id, variant_id, commercial, customer, pallets, notes, source_key, created_at, updated_at) values ('bloque-40x20x20-liso-gris-bloque-40x20x20-liso-gris-300-20-05-26-JESUS-33-2', 'bloque-40x20x20-liso-gris-bloque-40x20x20-liso-gris-300-20-05-26', 'JESUS', 'EL TIEMBLO ( 22-05)', 15.0, null, 'bloque-40x20x20-liso-gris-bloque-40x20x20-liso-gris-300-20-05-26:JESUS:33:2', '2026-05-22T17:03:00.902769+00:00', '2026-05-22T17:03:00.902769+00:00');
insert into orders (id, variant_id, commercial, customer, pallets, notes, source_key, created_at, updated_at) values ('bloque-40x20x20-liso-gris-bloque-40x20x20-liso-gris-300-20-05-26-JESUS-34-2', 'bloque-40x20x20-liso-gris-bloque-40x20x20-liso-gris-300-20-05-26', 'JESUS', 'JYL (SEMANA 19)', 15.0, null, 'bloque-40x20x20-liso-gris-bloque-40x20x20-liso-gris-300-20-05-26:JESUS:34:2', '2026-05-22T17:03:00.902769+00:00', '2026-05-22T17:03:00.902769+00:00');
insert into orders (id, variant_id, commercial, customer, pallets, notes, source_key, created_at, updated_at) values ('bloque-40x20x20-liso-gris-bloque-40x20x20-liso-gris-300-20-05-26-JESUS-36-2', 'bloque-40x20x20-liso-gris-bloque-40x20x20-liso-gris-300-20-05-26', 'JESUS', 'SUMIOBRAS', 20.0, null, 'bloque-40x20x20-liso-gris-bloque-40x20x20-liso-gris-300-20-05-26:JESUS:36:2', '2026-05-22T17:03:00.902769+00:00', '2026-05-22T17:03:00.902769+00:00');
insert into orders (id, variant_id, commercial, customer, pallets, notes, source_key, created_at, updated_at) values ('bloque-40x20x20-liso-gris-bloque-40x20x20-liso-gris-300-20-05-26-JESUS-37-2', 'bloque-40x20x20-liso-gris-bloque-40x20x20-liso-gris-300-20-05-26', 'JESUS', 'OLIMA', 10.0, null, 'bloque-40x20x20-liso-gris-bloque-40x20x20-liso-gris-300-20-05-26:JESUS:37:2', '2026-05-22T17:03:00.902769+00:00', '2026-05-22T17:03:00.902769+00:00');
insert into orders (id, variant_id, commercial, customer, pallets, notes, source_key, created_at, updated_at) values ('bloque-40x20x20-liso-gris-bloque-40x20x20-liso-gris-300-20-05-26-JESUS-38-2', 'bloque-40x20x20-liso-gris-bloque-40x20x20-liso-gris-300-20-05-26', 'JESUS', 'MATUTE Y BARRENO', 20.0, null, 'bloque-40x20x20-liso-gris-bloque-40x20x20-liso-gris-300-20-05-26:JESUS:38:2', '2026-05-22T17:03:00.902769+00:00', '2026-05-22T17:03:00.902769+00:00');
insert into orders (id, variant_id, commercial, customer, pallets, notes, source_key, created_at, updated_at) values ('bloque-40x20x20-liso-gris-bloque-40x20x20-liso-gris-300-20-05-26-JESUS-39-2', 'bloque-40x20x20-liso-gris-bloque-40x20x20-liso-gris-300-20-05-26', 'JESUS', 'CEYCESA  NAVALCARNERO', 10.0, null, 'bloque-40x20x20-liso-gris-bloque-40x20x20-liso-gris-300-20-05-26:JESUS:39:2', '2026-05-22T17:03:00.902769+00:00', '2026-05-22T17:03:00.902769+00:00');
insert into orders (id, variant_id, commercial, customer, pallets, notes, source_key, created_at, updated_at) values ('bloque-40x20x20-liso-gris-bloque-40x20x20-liso-gris-300-20-05-26-JESUS-44-2', 'bloque-40x20x20-liso-gris-bloque-40x20x20-liso-gris-300-20-05-26', 'JESUS', 'ANTERO', 20.0, null, 'bloque-40x20x20-liso-gris-bloque-40x20x20-liso-gris-300-20-05-26:JESUS:44:2', '2026-05-22T17:03:00.902769+00:00', '2026-05-22T17:03:00.902769+00:00');
insert into orders (id, variant_id, commercial, customer, pallets, notes, source_key, created_at, updated_at) values ('bloque-40x20x20-liso-gris-bloque-40x20x20-liso-gris-300-20-05-26-JESUS-45-2', 'bloque-40x20x20-liso-gris-bloque-40x20x20-liso-gris-300-20-05-26', 'JESUS', 'TIETAR', 20.0, null, 'bloque-40x20x20-liso-gris-bloque-40x20x20-liso-gris-300-20-05-26:JESUS:45:2', '2026-05-22T17:03:00.902769+00:00', '2026-05-22T17:03:00.902769+00:00');
insert into orders (id, variant_id, commercial, customer, pallets, notes, source_key, created_at, updated_at) values ('bloque-40x20x20-liso-gris-bloque-40x20x20-liso-gris-300-20-05-26-JESUS-46-2', 'bloque-40x20x20-liso-gris-bloque-40x20x20-liso-gris-300-20-05-26', 'JESUS', 'ANGEL VARAS', 20.0, null, 'bloque-40x20x20-liso-gris-bloque-40x20x20-liso-gris-300-20-05-26:JESUS:46:2', '2026-05-22T17:03:00.902769+00:00', '2026-05-22T17:03:00.902769+00:00');
insert into orders (id, variant_id, commercial, customer, pallets, notes, source_key, created_at, updated_at) values ('bloque-40x20x20-liso-gris-bloque-40x20x20-liso-gris-300-20-05-26-JESUS-49-2', 'bloque-40x20x20-liso-gris-bloque-40x20x20-liso-gris-300-20-05-26', 'JESUS', 'ANTERO', 20.0, null, 'bloque-40x20x20-liso-gris-bloque-40x20x20-liso-gris-300-20-05-26:JESUS:49:2', '2026-05-22T17:03:00.902769+00:00', '2026-05-22T17:03:00.902769+00:00');
insert into orders (id, variant_id, commercial, customer, pallets, notes, source_key, created_at, updated_at) values ('bloque-40x20x20-liso-gris-bloque-40x20x20-liso-gris-300-20-05-26-JESUS-50-2', 'bloque-40x20x20-liso-gris-bloque-40x20x20-liso-gris-300-20-05-26', 'JESUS', 'marot', 20.0, null, 'bloque-40x20x20-liso-gris-bloque-40x20x20-liso-gris-300-20-05-26:JESUS:50:2', '2026-05-22T17:03:00.902769+00:00', '2026-05-22T17:03:00.902769+00:00');
insert into orders (id, variant_id, commercial, customer, pallets, notes, source_key, created_at, updated_at) values ('bloque-40x20x20-liso-gris-bloque-40x20x20-liso-gris-300-20-05-26-JESUS-51-2', 'bloque-40x20x20-liso-gris-bloque-40x20x20-liso-gris-300-20-05-26', 'JESUS', 'AZULEJOS FUENLABRADA', 20.0, null, 'bloque-40x20x20-liso-gris-bloque-40x20x20-liso-gris-300-20-05-26:JESUS:51:2', '2026-05-22T17:03:00.902769+00:00', '2026-05-22T17:03:00.902769+00:00');
insert into orders (id, variant_id, commercial, customer, pallets, notes, source_key, created_at, updated_at) values ('bloque-40x20x20-liso-gris-bloque-40x20x20-liso-gris-300-20-05-26-JESUS-53-2', 'bloque-40x20x20-liso-gris-bloque-40x20x20-liso-gris-300-20-05-26', 'JESUS', 'MAFER', 2.0, null, 'bloque-40x20x20-liso-gris-bloque-40x20x20-liso-gris-300-20-05-26:JESUS:53:2', '2026-05-22T17:03:00.902769+00:00', '2026-05-22T17:03:00.902769+00:00');
insert into orders (id, variant_id, commercial, customer, pallets, notes, source_key, created_at, updated_at) values ('bloque-40x20x20-liso-gris-bloque-40x20x20-liso-gris-300-20-05-26-JESUS-54-2', 'bloque-40x20x20-liso-gris-bloque-40x20x20-liso-gris-300-20-05-26', 'JESUS', 'GORMA', 7.0, null, 'bloque-40x20x20-liso-gris-bloque-40x20x20-liso-gris-300-20-05-26:JESUS:54:2', '2026-05-22T17:03:00.902769+00:00', '2026-05-22T17:03:00.902769+00:00');
insert into orders (id, variant_id, commercial, customer, pallets, notes, source_key, created_at, updated_at) values ('bloque-40x20x20-liso-gris-bloque-40x20x20-liso-gris-300-20-05-26-JESUS-57-2', 'bloque-40x20x20-liso-gris-bloque-40x20x20-liso-gris-300-20-05-26', 'JESUS', 'PICARDAS', 10.0, null, 'bloque-40x20x20-liso-gris-bloque-40x20x20-liso-gris-300-20-05-26:JESUS:57:2', '2026-05-22T17:03:00.902769+00:00', '2026-05-22T17:03:00.902769+00:00');
insert into orders (id, variant_id, commercial, customer, pallets, notes, source_key, created_at, updated_at) values ('bloque-40x20x20-liso-gris-bloque-40x20x20-liso-gris-300-20-05-26-FERNANDO-7-5', 'bloque-40x20x20-liso-gris-bloque-40x20x20-liso-gris-300-20-05-26', 'FERNANDO', 'SALTOKI 447860 (SEMANA19)', 5.0, null, 'bloque-40x20x20-liso-gris-bloque-40x20x20-liso-gris-300-20-05-26:FERNANDO:7:5', '2026-05-22T17:03:00.902769+00:00', '2026-05-22T17:03:00.902769+00:00');
insert into orders (id, variant_id, commercial, customer, pallets, notes, source_key, created_at, updated_at) values ('bloque-40x20x20-liso-gris-bloque-40x20x20-liso-gris-300-20-05-26-FERNANDO-8-5', 'bloque-40x20x20-liso-gris-bloque-40x20x20-liso-gris-300-20-05-26', 'FERNANDO', 'VERACRUZ (SEMANA 20-21)', 23.0, null, 'bloque-40x20x20-liso-gris-bloque-40x20x20-liso-gris-300-20-05-26:FERNANDO:8:5', '2026-05-22T17:03:00.902769+00:00', '2026-05-22T17:03:00.902769+00:00');
insert into orders (id, variant_id, commercial, customer, pallets, notes, source_key, created_at, updated_at) values ('bloque-40x20x20-liso-gris-bloque-40x20x20-liso-gris-300-20-05-26-FERNANDO-9-5', 'bloque-40x20x20-liso-gris-bloque-40x20x20-liso-gris-300-20-05-26', 'FERNANDO', 'A01082903 (SEMANA 19)', 10.0, null, 'bloque-40x20x20-liso-gris-bloque-40x20x20-liso-gris-300-20-05-26:FERNANDO:9:5', '2026-05-22T17:03:00.902769+00:00', '2026-05-22T17:03:00.902769+00:00');
insert into orders (id, variant_id, commercial, customer, pallets, notes, source_key, created_at, updated_at) values ('bloque-40x20x20-liso-gris-bloque-40x20x20-liso-gris-300-20-05-26-FERNANDO-10-5', 'bloque-40x20x20-liso-gris-bloque-40x20x20-liso-gris-300-20-05-26', 'FERNANDO', 'TORRES (19-05-26)', 20.0, null, 'bloque-40x20x20-liso-gris-bloque-40x20x20-liso-gris-300-20-05-26:FERNANDO:10:5', '2026-05-22T17:03:00.902769+00:00', '2026-05-22T17:03:00.902769+00:00');
insert into orders (id, variant_id, commercial, customer, pallets, notes, source_key, created_at, updated_at) values ('bloque-40x20x20-liso-gris-bloque-40x20x20-liso-gris-300-20-05-26-FERNANDO-11-5', 'bloque-40x20x20-liso-gris-bloque-40x20x20-liso-gris-300-20-05-26', 'FERNANDO', 'MURO', 8.0, null, 'bloque-40x20x20-liso-gris-bloque-40x20x20-liso-gris-300-20-05-26:FERNANDO:11:5', '2026-05-22T17:03:00.902769+00:00', '2026-05-22T17:03:00.902769+00:00');
insert into orders (id, variant_id, commercial, customer, pallets, notes, source_key, created_at, updated_at) values ('bloque-40x20x20-liso-gris-bloque-40x20x20-liso-gris-300-20-05-26-FERNANDO-12-5', 'bloque-40x20x20-liso-gris-bloque-40x20x20-liso-gris-300-20-05-26', 'FERNANDO', 'MATERIALES CEBRIAN', 1.0, null, 'bloque-40x20x20-liso-gris-bloque-40x20x20-liso-gris-300-20-05-26:FERNANDO:12:5', '2026-05-22T17:03:00.902769+00:00', '2026-05-22T17:03:00.902769+00:00');
insert into orders (id, variant_id, commercial, customer, pallets, notes, source_key, created_at, updated_at) values ('bloque-40x20x20-liso-gris-bloque-40x20x20-liso-gris-300-20-05-26-FERNANDO-13-5', 'bloque-40x20x20-liso-gris-bloque-40x20x20-liso-gris-300-20-05-26', 'FERNANDO', 'SANFER (SEMANA 19)', 3.0, null, 'bloque-40x20x20-liso-gris-bloque-40x20x20-liso-gris-300-20-05-26:FERNANDO:13:5', '2026-05-22T17:03:00.902769+00:00', '2026-05-22T17:03:00.902769+00:00');
insert into orders (id, variant_id, commercial, customer, pallets, notes, source_key, created_at, updated_at) values ('bloque-40x20x20-liso-gris-bloque-40x20x20-liso-gris-300-20-05-26-FERNANDO-14-5', 'bloque-40x20x20-liso-gris-bloque-40x20x20-liso-gris-300-20-05-26', 'FERNANDO', 'TORRES (20-05-26)', 20.0, null, 'bloque-40x20x20-liso-gris-bloque-40x20x20-liso-gris-300-20-05-26:FERNANDO:14:5', '2026-05-22T17:03:00.902769+00:00', '2026-05-22T17:03:00.902769+00:00');
insert into orders (id, variant_id, commercial, customer, pallets, notes, source_key, created_at, updated_at) values ('bloque-40x20x20-liso-gris-bloque-40x20x20-liso-gris-300-20-05-26-FERNANDO-15-5', 'bloque-40x20x20-liso-gris-bloque-40x20x20-liso-gris-300-20-05-26', 'FERNANDO', 'VIAS (SEMANA  19)', 20.0, null, 'bloque-40x20x20-liso-gris-bloque-40x20x20-liso-gris-300-20-05-26:FERNANDO:15:5', '2026-05-22T17:03:00.902769+00:00', '2026-05-22T17:03:00.902769+00:00');
insert into orders (id, variant_id, commercial, customer, pallets, notes, source_key, created_at, updated_at) values ('bloque-40x20x20-liso-gris-bloque-40x20x20-liso-gris-300-20-05-26-FERNANDO-16-5', 'bloque-40x20x20-liso-gris-bloque-40x20x20-liso-gris-300-20-05-26', 'FERNANDO', 'A06109775', 12.0, null, 'bloque-40x20x20-liso-gris-bloque-40x20x20-liso-gris-300-20-05-26:FERNANDO:16:5', '2026-05-22T17:03:00.902769+00:00', '2026-05-22T17:03:00.902769+00:00');
insert into orders (id, variant_id, commercial, customer, pallets, notes, source_key, created_at, updated_at) values ('bloque-40x20x20-liso-gris-bloque-40x20x20-liso-gris-300-20-05-26-FERNANDO-17-5', 'bloque-40x20x20-liso-gris-bloque-40x20x20-liso-gris-300-20-05-26', 'FERNANDO', 'JOSE LUIS ROJAS (SEMANA 19)', 4.0, null, 'bloque-40x20x20-liso-gris-bloque-40x20x20-liso-gris-300-20-05-26:FERNANDO:17:5', '2026-05-22T17:03:00.902769+00:00', '2026-05-22T17:03:00.902769+00:00');
insert into orders (id, variant_id, commercial, customer, pallets, notes, source_key, created_at, updated_at) values ('bloque-40x20x20-liso-gris-bloque-40x20x20-liso-gris-300-20-05-26-FERNANDO-18-5', 'bloque-40x20x20-liso-gris-bloque-40x20x20-liso-gris-300-20-05-26', 'FERNANDO', 'LOZOYA', 11.0, null, 'bloque-40x20x20-liso-gris-bloque-40x20x20-liso-gris-300-20-05-26:FERNANDO:18:5', '2026-05-22T17:03:00.902769+00:00', '2026-05-22T17:03:00.902769+00:00');
insert into orders (id, variant_id, commercial, customer, pallets, notes, source_key, created_at, updated_at) values ('bloque-40x20x20-liso-gris-bloque-40x20x20-liso-gris-300-20-05-26-FERNANDO-20-5', 'bloque-40x20x20-liso-gris-bloque-40x20x20-liso-gris-300-20-05-26', 'FERNANDO', 'A11066103', 19.0, null, 'bloque-40x20x20-liso-gris-bloque-40x20x20-liso-gris-300-20-05-26:FERNANDO:20:5', '2026-05-22T17:03:00.902769+00:00', '2026-05-22T17:03:00.902769+00:00');
insert into orders (id, variant_id, commercial, customer, pallets, notes, source_key, created_at, updated_at) values ('bloque-40x20x20-liso-gris-bloque-40x20x20-liso-gris-300-20-05-26-FERNANDO-21-5', 'bloque-40x20x20-liso-gris-bloque-40x20x20-liso-gris-300-20-05-26', 'FERNANDO', 'ICD (SEMANA 19)', 15.0, null, 'bloque-40x20x20-liso-gris-bloque-40x20x20-liso-gris-300-20-05-26:FERNANDO:21:5', '2026-05-22T17:03:00.902769+00:00', '2026-05-22T17:03:00.902769+00:00');
insert into orders (id, variant_id, commercial, customer, pallets, notes, source_key, created_at, updated_at) values ('bloque-40x20x20-liso-gris-bloque-40x20x20-liso-gris-300-20-05-26-FERNANDO-22-5', 'bloque-40x20x20-liso-gris-bloque-40x20x20-liso-gris-300-20-05-26', 'FERNANDO', 'ALMACEN F MARTIN (SEMANA 19)', 20.0, null, 'bloque-40x20x20-liso-gris-bloque-40x20x20-liso-gris-300-20-05-26:FERNANDO:22:5', '2026-05-22T17:03:00.902769+00:00', '2026-05-22T17:03:00.902769+00:00');
insert into orders (id, variant_id, commercial, customer, pallets, notes, source_key, created_at, updated_at) values ('bloque-40x20x20-liso-gris-bloque-40x20x20-liso-gris-300-20-05-26-FERNANDO-23-5', 'bloque-40x20x20-liso-gris-bloque-40x20x20-liso-gris-300-20-05-26', 'FERNANDO', 'PROMACOVI', 2.0, null, 'bloque-40x20x20-liso-gris-bloque-40x20x20-liso-gris-300-20-05-26:FERNANDO:23:5', '2026-05-22T17:03:00.902769+00:00', '2026-05-22T17:03:00.902769+00:00');
insert into orders (id, variant_id, commercial, customer, pallets, notes, source_key, created_at, updated_at) values ('bloque-40x20x20-liso-gris-bloque-40x20x20-liso-gris-300-20-05-26-FERNANDO-24-5', 'bloque-40x20x20-liso-gris-bloque-40x20x20-liso-gris-300-20-05-26', 'FERNANDO', 'TOLEGRES', 6.0, null, 'bloque-40x20x20-liso-gris-bloque-40x20x20-liso-gris-300-20-05-26:FERNANDO:24:5', '2026-05-22T17:03:00.902769+00:00', '2026-05-22T17:03:00.902769+00:00');
insert into orders (id, variant_id, commercial, customer, pallets, notes, source_key, created_at, updated_at) values ('bloque-40x20x20-liso-gris-bloque-40x20x20-liso-gris-300-20-05-26-FERNANDO-25-5', 'bloque-40x20x20-liso-gris-bloque-40x20x20-liso-gris-300-20-05-26', 'FERNANDO', 'ESTRATEGIAS A01082903 (SEMANA 19)', 10.0, null, 'bloque-40x20x20-liso-gris-bloque-40x20x20-liso-gris-300-20-05-26:FERNANDO:25:5', '2026-05-22T17:03:00.902769+00:00', '2026-05-22T17:03:00.902769+00:00');
insert into orders (id, variant_id, commercial, customer, pallets, notes, source_key, created_at, updated_at) values ('bloque-40x20x20-liso-gris-bloque-40x20x20-liso-gris-300-20-05-26-FERNANDO-28-5', 'bloque-40x20x20-liso-gris-bloque-40x20x20-liso-gris-300-20-05-26', 'FERNANDO', 'A01082903 (SEMANA 19)', 10.0, null, 'bloque-40x20x20-liso-gris-bloque-40x20x20-liso-gris-300-20-05-26:FERNANDO:28:5', '2026-05-22T17:03:00.902769+00:00', '2026-05-22T17:03:00.902769+00:00');
insert into orders (id, variant_id, commercial, customer, pallets, notes, source_key, created_at, updated_at) values ('bloque-40x20x20-liso-gris-bloque-40x20x20-liso-gris-300-20-05-26-FERNANDO-30-5', 'bloque-40x20x20-liso-gris-bloque-40x20x20-liso-gris-300-20-05-26', 'FERNANDO', 'PECO', 8.0, null, 'bloque-40x20x20-liso-gris-bloque-40x20x20-liso-gris-300-20-05-26:FERNANDO:30:5', '2026-05-22T17:03:00.902769+00:00', '2026-05-22T17:03:00.902769+00:00');
insert into orders (id, variant_id, commercial, customer, pallets, notes, source_key, created_at, updated_at) values ('bloque-40x20x20-liso-gris-bloque-40x20x20-liso-gris-300-20-05-26-FERNANDO-36-5', 'bloque-40x20x20-liso-gris-bloque-40x20x20-liso-gris-300-20-05-26', 'FERNANDO', 'OPORTO E HIJOS (SEMANA 20)', 20.0, null, 'bloque-40x20x20-liso-gris-bloque-40x20x20-liso-gris-300-20-05-26:FERNANDO:36:5', '2026-05-22T17:03:00.902769+00:00', '2026-05-22T17:03:00.902769+00:00');
insert into orders (id, variant_id, commercial, customer, pallets, notes, source_key, created_at, updated_at) values ('bloque-40x20x20-liso-gris-bloque-40x20x20-liso-gris-300-20-05-26-FERNANDO-38-5', 'bloque-40x20x20-liso-gris-bloque-40x20x20-liso-gris-300-20-05-26', 'FERNANDO', 'GONZALEZ LOPEZ', 1.0, null, 'bloque-40x20x20-liso-gris-bloque-40x20x20-liso-gris-300-20-05-26:FERNANDO:38:5', '2026-05-22T17:03:00.902769+00:00', '2026-05-22T17:03:00.902769+00:00');
insert into orders (id, variant_id, commercial, customer, pallets, notes, source_key, created_at, updated_at) values ('bloque-40x20x15-bloque-40x20x15-liso-gris-26-palets-19-05-26-JESUS-6-2', 'bloque-40x20x15-bloque-40x20x15-liso-gris-26-palets-19-05-26', 'JESUS', 'DISMAR', 1.0, null, 'bloque-40x20x15-bloque-40x20x15-liso-gris-26-palets-19-05-26:JESUS:6:2', '2026-05-22T17:03:00.902769+00:00', '2026-05-22T17:03:00.902769+00:00');
insert into orders (id, variant_id, commercial, customer, pallets, notes, source_key, created_at, updated_at) values ('bloque-40x20x15-bloque-40x20x15-liso-gris-26-palets-19-05-26-JESUS-10-2', 'bloque-40x20x15-bloque-40x20x15-liso-gris-26-palets-19-05-26', 'JESUS', 'ODORICIO', 6.0, null, 'bloque-40x20x15-bloque-40x20x15-liso-gris-26-palets-19-05-26:JESUS:10:2', '2026-05-22T17:03:00.902769+00:00', '2026-05-22T17:03:00.902769+00:00');
insert into orders (id, variant_id, commercial, customer, pallets, notes, source_key, created_at, updated_at) values ('bloque-40x20x15-bloque-40x20x15-liso-gris-26-palets-19-05-26-JESUS-12-2', 'bloque-40x20x15-bloque-40x20x15-liso-gris-26-palets-19-05-26', 'JESUS', 'MATERIALES UCEDA (SEMANA 19)', 2.0, null, 'bloque-40x20x15-bloque-40x20x15-liso-gris-26-palets-19-05-26:JESUS:12:2', '2026-05-22T17:03:00.902769+00:00', '2026-05-22T17:03:00.902769+00:00');
insert into orders (id, variant_id, commercial, customer, pallets, notes, source_key, created_at, updated_at) values ('bloque-40x20x15-bloque-40x20x15-liso-gris-26-palets-19-05-26-JESUS-13-2', 'bloque-40x20x15-bloque-40x20x15-liso-gris-26-palets-19-05-26', 'JESUS', 'L. ALCALA 81132182 (SEMANA 19)', 9.0, null, 'bloque-40x20x15-bloque-40x20x15-liso-gris-26-palets-19-05-26:JESUS:13:2', '2026-05-22T17:03:00.902769+00:00', '2026-05-22T17:03:00.902769+00:00');
insert into orders (id, variant_id, commercial, customer, pallets, notes, source_key, created_at, updated_at) values ('bloque-40x20x15-bloque-40x20x15-liso-gris-26-palets-19-05-26-JESUS-15-2', 'bloque-40x20x15-bloque-40x20x15-liso-gris-26-palets-19-05-26', 'JESUS', 'ESTRATEGIAS A01082903', 4.0, null, 'bloque-40x20x15-bloque-40x20x15-liso-gris-26-palets-19-05-26:JESUS:15:2', '2026-05-22T17:03:00.902769+00:00', '2026-05-22T17:03:00.902769+00:00');
insert into orders (id, variant_id, commercial, customer, pallets, notes, source_key, created_at, updated_at) values ('bloque-40x20x15-bloque-40x20x15-liso-gris-26-palets-19-05-26-JESUS-17-2', 'bloque-40x20x15-bloque-40x20x15-liso-gris-26-palets-19-05-26', 'JESUS', 'PELAYOS', 2.0, null, 'bloque-40x20x15-bloque-40x20x15-liso-gris-26-palets-19-05-26:JESUS:17:2', '2026-05-22T17:03:00.902769+00:00', '2026-05-22T17:03:00.902769+00:00');
insert into orders (id, variant_id, commercial, customer, pallets, notes, source_key, created_at, updated_at) values ('bloque-40x20x15-bloque-40x20x15-liso-gris-26-palets-19-05-26-JESUS-23-2', 'bloque-40x20x15-bloque-40x20x15-liso-gris-26-palets-19-05-26', 'JESUS', 'DISMAR', 2.0, null, 'bloque-40x20x15-bloque-40x20x15-liso-gris-26-palets-19-05-26:JESUS:23:2', '2026-05-22T17:03:00.902769+00:00', '2026-05-22T17:03:00.902769+00:00');
insert into orders (id, variant_id, commercial, customer, pallets, notes, source_key, created_at, updated_at) values ('bloque-40x20x15-bloque-40x20x15-liso-gris-26-palets-19-05-26-JESUS-24-2', 'bloque-40x20x15-bloque-40x20x15-liso-gris-26-palets-19-05-26', 'JESUS', 'PICARDAS', 6.0, null, 'bloque-40x20x15-bloque-40x20x15-liso-gris-26-palets-19-05-26:JESUS:24:2', '2026-05-22T17:03:00.902769+00:00', '2026-05-22T17:03:00.902769+00:00');
insert into orders (id, variant_id, commercial, customer, pallets, notes, source_key, created_at, updated_at) values ('bloque-40x20x15-bloque-40x20x15-liso-gris-26-palets-19-05-26-JESUS-27-2', 'bloque-40x20x15-bloque-40x20x15-liso-gris-26-palets-19-05-26', 'JESUS', 'MARTINEZ MAGALLARES', 6.0, null, 'bloque-40x20x15-bloque-40x20x15-liso-gris-26-palets-19-05-26:JESUS:27:2', '2026-05-22T17:03:00.902769+00:00', '2026-05-22T17:03:00.902769+00:00');
insert into orders (id, variant_id, commercial, customer, pallets, notes, source_key, created_at, updated_at) values ('bloque-40x20x15-bloque-40x20x15-liso-gris-26-palets-19-05-26-FERNANDO-6-5', 'bloque-40x20x15-bloque-40x20x15-liso-gris-26-palets-19-05-26', 'FERNANDO', 'A01082903', 4.0, null, 'bloque-40x20x15-bloque-40x20x15-liso-gris-26-palets-19-05-26:FERNANDO:6:5', '2026-05-22T17:03:00.902769+00:00', '2026-05-22T17:03:00.902769+00:00');
insert into orders (id, variant_id, commercial, customer, pallets, notes, source_key, created_at, updated_at) values ('bloque-40x20x15-bloque-40x20x15-liso-gris-26-palets-19-05-26-FERNANDO-7-5', 'bloque-40x20x15-bloque-40x20x15-liso-gris-26-palets-19-05-26', 'FERNANDO', 'SALTOKI 441981', 6.0, null, 'bloque-40x20x15-bloque-40x20x15-liso-gris-26-palets-19-05-26:FERNANDO:7:5', '2026-05-22T17:03:00.902769+00:00', '2026-05-22T17:03:00.902769+00:00');
insert into orders (id, variant_id, commercial, customer, pallets, notes, source_key, created_at, updated_at) values ('bloque-40x20x15-bloque-40x20x15-liso-gris-26-palets-19-05-26-FERNANDO-8-5', 'bloque-40x20x15-bloque-40x20x15-liso-gris-26-palets-19-05-26', 'FERNANDO', 'A01082903', 4.0, null, 'bloque-40x20x15-bloque-40x20x15-liso-gris-26-palets-19-05-26:FERNANDO:8:5', '2026-05-22T17:03:00.902769+00:00', '2026-05-22T17:03:00.902769+00:00');
insert into orders (id, variant_id, commercial, customer, pallets, notes, source_key, created_at, updated_at) values ('bloque-40x20x15-bloque-40x20x15-liso-gris-26-palets-19-05-26-FERNANDO-9-5', 'bloque-40x20x15-bloque-40x20x15-liso-gris-26-palets-19-05-26', 'FERNANDO', 'A11065699', 2.0, null, 'bloque-40x20x15-bloque-40x20x15-liso-gris-26-palets-19-05-26:FERNANDO:9:5', '2026-05-22T17:03:00.902769+00:00', '2026-05-22T17:03:00.902769+00:00');
insert into orders (id, variant_id, commercial, customer, pallets, notes, source_key, created_at, updated_at) values ('bloque-40x20x15-bloque-40x20x15-liso-gris-26-palets-19-05-26-FERNANDO-11-5', 'bloque-40x20x15-bloque-40x20x15-liso-gris-26-palets-19-05-26', 'FERNANDO', 'A10090626', 3.0, null, 'bloque-40x20x15-bloque-40x20x15-liso-gris-26-palets-19-05-26:FERNANDO:11:5', '2026-05-22T17:03:00.902769+00:00', '2026-05-22T17:03:00.902769+00:00');
insert into orders (id, variant_id, commercial, customer, pallets, notes, source_key, created_at, updated_at) values ('bloque-40x20x15-bloque-40x20x15-liso-gris-26-palets-19-05-26-FERNANDO-12-5', 'bloque-40x20x15-bloque-40x20x15-liso-gris-26-palets-19-05-26', 'FERNANDO', 'ALMACEN F MARTIN (1ª MAYO)', 10.0, null, 'bloque-40x20x15-bloque-40x20x15-liso-gris-26-palets-19-05-26:FERNANDO:12:5', '2026-05-22T17:03:00.902769+00:00', '2026-05-22T17:03:00.902769+00:00');
insert into orders (id, variant_id, commercial, customer, pallets, notes, source_key, created_at, updated_at) values ('bloque-h25-bloque-h-25-2-palets-18-05-26-JESUS-7-2', 'bloque-h25-bloque-h-25-2-palets-18-05-26', 'JESUS', 'SILVIU', 6.0, null, 'bloque-h25-bloque-h-25-2-palets-18-05-26:JESUS:7:2', '2026-05-22T17:03:00.902769+00:00', '2026-05-22T17:03:00.902769+00:00');
insert into orders (id, variant_id, commercial, customer, pallets, notes, source_key, created_at, updated_at) values ('bloque-h25-bloque-h-25-2-palets-18-05-26-JESUS-8-2', 'bloque-h25-bloque-h-25-2-palets-18-05-26', 'JESUS', 'JYL', 6.0, null, 'bloque-h25-bloque-h-25-2-palets-18-05-26:JESUS:8:2', '2026-05-22T17:03:00.902769+00:00', '2026-05-22T17:03:00.902769+00:00');
insert into orders (id, variant_id, commercial, customer, pallets, notes, source_key, created_at, updated_at) values ('bloque-h25-bloque-h-25-2-palets-18-05-26-JESUS-14-2', 'bloque-h25-bloque-h-25-2-palets-18-05-26', 'JESUS', 'ANTIGUA', 10.0, null, 'bloque-h25-bloque-h-25-2-palets-18-05-26:JESUS:14:2', '2026-05-22T17:03:00.902769+00:00', '2026-05-22T17:03:00.902769+00:00');
insert into orders (id, variant_id, commercial, customer, pallets, notes, source_key, created_at, updated_at) values ('bloque-h25-bloque-h-25-2-palets-18-05-26-JESUS-24-2', 'bloque-h25-bloque-h-25-2-palets-18-05-26', 'JESUS', 'PICARDAS', 18.0, null, 'bloque-h25-bloque-h-25-2-palets-18-05-26:JESUS:24:2', '2026-05-22T17:03:00.902769+00:00', '2026-05-22T17:03:00.902769+00:00');
insert into orders (id, variant_id, commercial, customer, pallets, notes, source_key, created_at, updated_at) values ('bloque-h25-bloque-h-25-2-palets-18-05-26-JESUS-25-2', 'bloque-h25-bloque-h-25-2-palets-18-05-26', 'JESUS', 'SAMACO', 25.0, null, 'bloque-h25-bloque-h-25-2-palets-18-05-26:JESUS:25:2', '2026-05-22T17:03:00.902769+00:00', '2026-05-22T17:03:00.902769+00:00');
insert into orders (id, variant_id, commercial, customer, pallets, notes, source_key, created_at, updated_at) values ('bloque-h25-bloque-h-25-2-palets-18-05-26-JESUS-26-2', 'bloque-h25-bloque-h-25-2-palets-18-05-26', 'JESUS', 'VILLAVCIOSA', 25.0, null, 'bloque-h25-bloque-h-25-2-palets-18-05-26:JESUS:26:2', '2026-05-22T17:03:00.902769+00:00', '2026-05-22T17:03:00.902769+00:00');
insert into orders (id, variant_id, commercial, customer, pallets, notes, source_key, created_at, updated_at) values ('bloque-h25-bloque-h-25-2-palets-18-05-26-FERNANDO-6-5', 'bloque-h25-bloque-h-25-2-palets-18-05-26', 'FERNANDO', 'MATFER', 6.0, null, 'bloque-h25-bloque-h-25-2-palets-18-05-26:FERNANDO:6:5', '2026-05-22T17:03:00.902769+00:00', '2026-05-22T17:03:00.902769+00:00');
insert into orders (id, variant_id, commercial, customer, pallets, notes, source_key, created_at, updated_at) values ('bloque-h25-bloque-h-25-2-palets-18-05-26-FERNANDO-7-5', 'bloque-h25-bloque-h-25-2-palets-18-05-26', 'FERNANDO', 'SUM. GONZALEZ LOPEZ', 8.0, null, 'bloque-h25-bloque-h-25-2-palets-18-05-26:FERNANDO:7:5', '2026-05-22T17:03:00.902769+00:00', '2026-05-22T17:03:00.902769+00:00');
